code,name,category,unit
8010020001,โต๊ะพับไม่มีบังตา ขาเงิน 180x60x72 ซม.,ครุภัณฑ์สำนักงาน,ตัว
8010020002,เก้าอี้ 1 ที่นั่ง ขาขาว พนักพิงพลาสติกขาว เบาะหุ้มหนังเทียม,ครุภัณฑ์สำนักงาน,ตัว
8010020005,PTA-11 โต๊ะข้าง,ครุภัณฑ์สำนักงาน,ชุด
8010020006,PTA-11A SIDE TABLE,ครุภัณฑ์สำนักงาน,ชุด
8010020007,PTA-19 COFFEE TABLE,ครุภัณฑ์สำนักงาน,ชุด
8010020008,PTA-17 COFFEE TABLE,ครุภัณฑ์สำนักงาน,ชุด
8010020009,PTA-15 โต๊ะกลาง,ครุภัณฑ์สำนักงาน,ชุด
8010020010,PTA-13 โต๊ะกลาง,ครุภัณฑ์สำนักงาน,ชุด
8010020011,PTA-18 โต๊ะเด็ก,ครุภัณฑ์สำนักงาน,ชุด
8010020012,PTA-1A โต๊ะข้าง,ครุภัณฑ์สำนักงาน,ชุด
8010020013,PTA-3A WORKING TABLE,ครุภัณฑ์สำนักงาน,ชุด
8010020014,PTA-12 โต๊ะข้าง,ครุภัณฑ์สำนักงาน,ชุด
8010030001,โต๊ะทำงานลิ้นชัก 2 ชั้น พร้อมถาดคีย์บอร์ด 1.20 × 0.75 × 0.75 ม.,ครุภัณฑ์สำนักงาน,ตัว
8010030002,โต๊ะทำงาน2ลิ้นชัก สีขาวขนาด 1.20 × 0.75 × 0.75 ม.,ครุภัณฑ์สำนักงาน,ตัว
8010030003,โต๊ะทำงานไม่มีลิ้นชัก W1200 x D600 x H750 มม.,ครุภัณฑ์สำนักงาน,ตัว
8010030004,PN-1 โต๊ะหัวเตียง,ครุภัณฑ์สำนักงาน,ชุด
8010030005,PTA-26 CONSOLE,ครุภัณฑ์สำนักงาน,ชุด
8010030006,PTA-3 โต๊ะหัวหน้า,ครุภัณฑ์สำนักงาน,ชุด
8010030007,PTA-5A WORKING TABLE,ครุภัณฑ์สำนักงาน,ชุด
8010030008,PTA-1 WORKING TABLE,ครุภัณฑ์สำนักงาน,ชุด
8010030009,PTA-2 WORKING TABLE,ครุภัณฑ์สำนักงาน,ชุด
8010030010,PTA-3 WORKING TABLE,ครุภัณฑ์สำนักงาน,ชุด
8010030011,PTA-4 WORKING TABLE,ครุภัณฑ์สำนักงาน,ชุด
8010030012,PTA-5 WORKING TABLE,ครุภัณฑ์สำนักงาน,ชุด
8010030013,*(ยกเลิก)*PTA-28 โต๊ะวัดความดัน,ครุภัณฑ์สำนักงาน,ชุด
8010030014,PTA-28 โต๊ะวัดความดัน,ครุภัณฑ์สำนักงาน,ชุด
8010030015,PTA-16 โต๊ะ STAFF LOUNGE,ครุภัณฑ์สำนักงาน,ชุด
8010030016,PTA-25 โต๊ะจัดยา,ครุภัณฑ์สำนักงาน,ชุด
8010050002,PTA-27 CONFERENCE TABLE,ครุภัณฑ์สำนักงาน,ชุด
8010050003,PTA-9A CONFERENCE TABLE,ครุภัณฑ์สำนักงาน,ชุด
8010050004,PTA-10 CONFERENCE TABLE,ครุภัณฑ์สำนักงาน,ชุด
8010050005,PTA-9E CONFERENCE TABLE,ครุภัณฑ์สำนักงาน,ชุด
8010050006,PTA-6 โต๊ะประชุม,ครุภัณฑ์สำนักงาน,ชุด
8010050007,PTA-7 CONFERENCE TABLE,ครุภัณฑ์สำนักงาน,ชุด
8010050008,PTA-9D CONFERENCE TABLE,ครุภัณฑ์สำนักงาน,ชุด
8010050009,PTA-8 CONFERENCE TABLE,ครุภัณฑ์สำนักงาน,ชุด
8010070001,โต๊ะวางเครื่องพิมพ์,ครุภัณฑ์สำนักงาน,ตัว
8010090001,โต๊ะพับอเนกประสงค์ หน้าโต๊ะโฟเมก้า W1200 x D450 x H750 มม.,ครุภัณฑ์สำนักงาน,ตัว
8010090002,PN-2 โต๊ะหัวเตียง,ครุภัณฑ์สำนักงาน,ชุด
8010100001,PTA-21 โต๊ะอาหาร,ครุภัณฑ์สำนักงาน,ชุด
8010100002,PTA-20 โต๊ะอาหาร,ครุภัณฑ์สำนักงาน,ชุด
8010100003,PTA-12A SIDE TABLE,ครุภัณฑ์สำนักงาน,ชุด
8010100004,PTA-13A COFFEE TABLE,ครุภัณฑ์สำนักงาน,ชุด
8010110001,หิ้งพระห้องสวดมนต์ 60x15x20 ซม. ชั้นวางแจกันด้านข้าง,ครุภัณฑ์สำนักงาน,ชุด
8010130001,เก้าอี้กลมสแตนเลส ปรับระดับได้ แบบมีล้อเลื่อน,ครุภัณฑ์สำนักงาน,ตัว
8010130008,PCH-27 ARMCHAIR (VIP. WARD),ครุภัณฑ์สำนักงาน,ชุด
8010130009,PCH-29 CHAIR,ครุภัณฑ์สำนักงาน,ชุด
8010130010,PCH-33 KID'S CHAIR,ครุภัณฑ์สำนักงาน,ชุด
8010130011,PCH-21A LAZY BOY (EYED SPA),ครุภัณฑ์สำนักงาน,ชุด
8010130012,เก้าอี้กลมหมุนปรับสูง-ต่ำได้ CH01,ครุภัณฑ์สำนักงาน,คัน
8010130013,PCH-11 เก้าอี้คนไข้/เก้าอี้อาหาร,ครุภัณฑ์สำนักงาน,ตัว
8010130014,เก้าอี้ 1 ที่นั่ง มีพนักพิง เบาะหุ้มหนังเทียม,ครุภัณฑ์สำนักงาน,ตัว
8010140001,เก้าอี้สำนักงานชนิดมีล้อเลื่อน,ครุภัณฑ์สำนักงาน,ตัว
8010140002,เก้าอี้ตาข่ายสำนักงาน ขาเหล็กชุบโครเมียม มีท้าวแทน,ครุภัณฑ์สำนักงาน,ตัว
8010140003,เก้าอี้สำนักงาน พนักพิงหลัง สามารถปรับระดับความสูงได้ มีล้อเลื่อน,ครุภัณฑ์สำนักงาน,ตัว
8010140004,PCH-13 เก้าอี้ STAFF ทั่วไป,ครุภัณฑ์สำนักงาน,ชุด
8010140005,PCH-10 เก้าอี้หมอ,ครุภัณฑ์สำนักงาน,ชุด
8010140006,PCH-30 CHAIR,ครุภัณฑ์สำนักงาน,ชุด
8010140007,PCH-10A HEAD NURSE,ครุภัณฑ์สำนักงาน,ชุด
8010150001,PCH-9A CHAIR,ครุภัณฑ์สำนักงาน,ชุด
8010150002,PCH-35 STOOL ห้องตรวจ ( ผู้ช่วยแพทย์ ),ครุภัณฑ์สำนักงาน,ชุด
8010150003,PCH-5 เก้าอี้หน้าโต๊ะทำงาน,ครุภัณฑ์สำนักงาน,ชุด
8010150004,PCH-14 STAFF CHAIR,ครุภัณฑ์สำนักงาน,ชุด
8010180001,ชั้นวางแคตตาล็อก นิตยสาร โบรชัวร์ ขนาด A4 พับเก็บได้ พร้อมกระเป๋า,ครุภัณฑ์สำนักงาน,ชุด
8010190001,*ยกเลิก*ตู้วางเครื่องพิมพ์ ขนาด 60*42*52 ซม.,ครุภัณฑ์สำนักงาน,ตู้
8010190002,ตู้ลิ้นชักพลาสติก 4 ชั้น สีขาว,ครุภัณฑ์สำนักงาน,ใบ
8010190003,ตู้เก็บรองเท้าพร้อมเบาะสำหรับนั่ง,ครุภัณฑ์สำนักงาน,ตู้
8010190004,ตู้บานเลื่อนกระจก พร้อมขารองตู้,ครุภัณฑ์สำนักงาน,ตู้
8010190005,ตู้อเนกประสงค์ ขนาด 50*95*300 เซนติเมตร,ครุภัณฑ์สำนักงาน,ตู้
8010190006,ตู้อเนกประสงค์ ขนาด 20*40*300 เซนติเมตร,ครุภัณฑ์สำนักงาน,ตู้
8010190007,ตู้อเนกประสงค์ ขนาด 300*80*146 เซนติเมตร,ครุภัณฑ์สำนักงาน,ตู้
8010190008,PCA-1C CABINET,ครุภัณฑ์สำนักงาน,ชุด
8010190009,ตู้บานเลื่อนกระจก,ครุภัณฑ์สำนักงาน,ตู้
8010200001,EX-3 ตู้ใส่ถังขยะ,ครุภัณฑ์สำนักงาน,ชุด
8010210001,ตู้เอกสารเหล็กแบบโล่ง 4 ชั้น,ครุภัณฑ์สำนักงาน,ตู้
8010210002,ตู้ข้างเหล็กติดล้อ 3 ลิ้นชัก,ครุภัณฑ์สำนักงาน,ตู้
8010210003,ตู้เหล็กบานเลื่อน,ครุภัณฑ์สำนักงาน,ตู้
8010210004,ตู้ล็อคเกอร์เหล็ก ขนาด 9 ช่อง,ครุภัณฑ์สำนักงาน,ตู้
8010240001,ตู้นิรภัยพกพา ขนาด 36.5*25*15.5 ซม.น้ำหนัก 3.8 กิโลกรัม,ครุภัณฑ์สำนักงาน,ตู้
8010240002,ตู้นิรภัย ขนาดน้ำหนัก 7 กิโลกรัม,ครุภัณฑ์สำนักงาน,ตู้
8010270001,ตู้ล็อคเกอร์ ชนิด 12 ช่อง,ครุภัณฑ์สำนักงาน,ตู้
8010270002,ตู้ล็อกเกอร์เหล็ก ขนาด 6 ช่อง,ครุภัณฑ์สำนักงาน,ตู้
8010270003,ตู้ใส่กล่องอะไหล่แบบแบ่งช่องได้ 75 ช่อง,ครุภัณฑ์สำนักงาน,ตู้
8010300001,ตู้เก็บเอกสารเหล็กบานเลื่อนกระจกบนทึบล่าง ขนาด 90*40*185 ซม.,ครุภัณฑ์สำนักงาน,ตู้
8010300002,ตู้เหล็กบานเลื่อนกระจก ขนาด120X46X183 เซนติเมตร,ครุภัณฑ์สำนักงาน,ตู้
8010300003,ตู้เหล็กบานเปิดสูงบนกระจก,ครุภัณฑ์สำนักงาน,ตู้
8010310001,เครื่องพิมพ์บัตร,ครุภัณฑ์สำนักงาน,เครื่อง
8010310002,เครื่องปริ้นเตอร์ สติ๊กเกอร์สำหรับครุภัณฑ์,ครุภัณฑ์สำนักงาน,เครื่อง
8010370001,เครื่องทำลายเอกสารแบบทำลาย 10 แผ่น,ครุภัณฑ์สำนักงาน,เครื่อง
8010370002,เครื่องทำลายเอกสารขนาดเล็ก (แบบทำลาย 5 แผ่น),ครุภัณฑ์สำนักงาน,เครื่อง
8010400001,ระบบปรับอากาศและระบบควบคุมความชื้นห้องเก็บ Sterile ชั้น 5 อาคารศูนย์การแพทย์ธรรมศาสตร์,ครุภัณฑ์สำนักงาน,ระบบ
8010410001,พัดลมตั้งพื้นขนาด 16 นิ้ว,ครุภัณฑ์สำนักงาน,ตัว
8010410081,พัดลมระบายอาการมากับอาคาร,ครุภัณฑ์สำนักงาน,ชุด
8010430001,ประตูลิฟต์นอก (2 Panel),ครุภัณฑ์สำนักงาน,งาน
8010440001,รถเข็นสแตนเลส 2 ชั้น ขนาด 65*40*80 ซม.,ครุภัณฑ์สำนักงาน,คัน
8010440002,รถเข็นของหนัก,ครุภัณฑ์สำนักงาน,คัน
8010440003,รถเข็นของ แบบตาข่าย (ทั้ง 4 ด้าน),ครุภัณฑ์สำนักงาน,คัน
8010440004,รถเข็นแสตนเลสสำหรับเบิก-รับยา 2 ชั้น ขนาดเล็ก 40*80*80 ซม,ครุภัณฑ์สำนักงาน,คัน
8010440005,รถเข็นขนย้ายสิ่งของผสมบันได 3 ชั้น,ครุภัณฑ์สำนักงาน,คัน
8010440006,รถยก (Hand Pallet Truck) รับน้ำหนัก 2500 กิโลกรัม,ครุภัณฑ์สำนักงาน,คัน
8010440007,รถเข็นสแตนเลส 2 ชั้น ขนาด 45*75*80 ซม. ยกเลิก,ครุภัณฑ์สำนักงาน,คัน
8010440008,รถเข็นสแตนเลส 2 ชั้น ขนาด 50x75x100 ซม.,ครุภัณฑ์สำนักงาน,คัน
8010440009,รถเข็นแสตนเลส 2 ชั้น ขนาด 45x75x80 ซม.,ครุภัณฑ์สำนักงาน,คัน
8010440010,รถเข็นอุปกรณ์,ครุภัณฑ์สำนักงาน,คัน
8010440011,รถเข็นสแตนเลส 2 ชั้น ขนาด 500x720x900 MM.,ครุภัณฑ์สำนักงาน,คัน
8010440012,รถเข็นสแตนเลส ชนิดรับน้ำหนักได้ 350 กิโลกรัม,ครุภัณฑ์สำนักงาน,คัน
8010440013,รถเข็นพื้นเหล็กชั้นเดียว,ครุภัณฑ์สำนักงาน,คัน
8010440014,รถยกลากไฟฟ้า 1.5 ตัน ล้อคู่ PU,ครุภัณฑ์สำนักงาน,คัน
8010440015,รถเข็นของ แบบ 2 ชั้น ขนาด 45x55x80 ซม.,ครุภัณฑ์สำนักงาน,คัน
8010440016,รถเข็นวางของสแตนเลส มีขอบ 2 ชั้น ขนาด 18x34x32 นิ้ว,ครุภัณฑ์สำนักงาน,คัน
8010440017,รถเข็นวางของสแตนเลส ไม่มีขอบ 2 ชั้น ขนาด 18x34x32 นิ้ว,ครุภัณฑ์สำนักงาน,คัน
8010440018,รถเข็นสแตนเลส บุตาข่าย 4 ด้าน ขนาด 60x100x75 ซม.,ครุภัณฑ์สำนักงาน,คัน
8010440019,รถเข็นสแตนเลส 2 ชั้น ไม่มีขอบ ขนาด 50x90x80 ซม.,ครุภัณฑ์สำนักงาน,คัน
8010440020,ยกเลิก รถเข็นสแตนเลส 2 ชั้น มีขอบ,ครุภัณฑ์สำนักงาน,คัน
8010470001,เคาร์เตอร์ลงทะเบียน ขนาด 1.50*1.10*0.50 ม. กรุหินสังเคราะห์,ครุภัณฑ์สำนักงาน,ตัว
8010470002,ตู้วางน้ำดื่มขนาด 1.50*1.10*0.60 ม.,ครุภัณฑ์สำนักงาน,ตัว
8010470003,ชุดเคาน์เตอร์ลอย,ครุภัณฑ์สำนักงาน,ชุด
8010470004,ชุุดเคาน์เตอร์พร้อมประตูสไลด์,ครุภัณฑ์สำนักงาน,ชุด
8010540001,เครื่องนับเหรียญ,ครุภัณฑ์สำนักงาน,เครื่อง
8010550001,เครื่องนับธนบัตร,ครุภัณฑ์สำนักงาน,เครื่อง
8010670001,เหล็กกั้นจำกัดความสูงและป้ายจำกัดความสูง,ครุภัณฑ์สำนักงาน,งาน
8010670002,เหล็กกั้นจำกัดความสูงและป้ายจำกัดความสูง,ครุภัณฑ์สำนักงาน,งาน
8010700001,ลำโพงเคลื่อนที่แบบลากจูง ขนาด 12 นิ้ว(อุปกรณ์ประกอบไมโครโฟน 1 ตัว),ครุภัณฑ์สำนักงาน,ชุด
8010700002,ชุดไมค์ลอย มือถือคู่ ไร้สาย ใช้งานได้ระยะไกลไม่น้อยกว่า 10 เมตร,ครุภัณฑ์สำนักงาน,ชุด
8010710001,ขาตั้งพื้นทีวี ขนาด 55-98 นิ้ว,ครุภัณฑ์สำนักงาน,อัน
8010720001,ชั้นวางสินค้า ขนาด 150*60*200 ซม.,ครุภัณฑ์สำนักงาน,ชั้น
8010720002,"ชั้นวางของ MICRO RACK SIZE 1,000x500x2,000 MM.",ครุภัณฑ์สำนักงาน,ชั้น
8010720003,ยกเลิก ชั้นวางของ 4 ชั้น ขนาด 150x60x200 ซม.,ครุภัณฑ์สำนักงาน,ชุด
8010720004,ชั้นวางของ 4 ชั้น ขนาด 127x60x200 ซม.,ครุภัณฑ์สำนักงาน,ชุด
8010730001,เครื่องอ่านบาร์โค้ด ระบบ 2D,ครุภัณฑ์สำนักงาน,อัน
8010740001,เครื่องอ่านหนังสือเดินทาง,ครุภัณฑ์สำนักงาน,เครื่อง
8010750001,ตู้กันชื้น ขนาดความจุ 50 ลิตร,ครุภัณฑ์สำนักงาน,ตู้
8010760001,พาเลท ขนาด 120*100*15 ซม.,ครุภัณฑ์สำนักงาน,อัน
8010770001,ระบบไม้กั้นลานจอดรถ พร้อมระบบรับเงิน,ครุภัณฑ์สำนักงาน,ระบบ
8010770002,เครื่องจ่ายบัตรจอดรถแบบกระดาษอัตโนมัติ และ เครื่องตรวจชำระค่าจอดรถอัตโนมัติ ด้วย OR Code,ครุภัณฑ์สำนักงาน,ชุด
8010780001,เครื่องคิดเลขไฟฟ้า,ครุภัณฑ์สำนักงาน,เครื่อง
8010790001,เครื่องชั่งน้ำหนักดิจิตอล พิกัดน้ำหนัก 500 กิโลกรัม,ครุภัณฑ์สำนักงาน,เครื่อง
8010790002,เครื่องชั่งน้ำหนักดิจิตอล KS-0521 Black,ครุภัณฑ์สำนักงาน,เรือน
8010800001,เครื่องอ่านบัตรประชาชน,ครุภัณฑ์สำนักงาน,เครื่อง
8010810001,ซุ้มเฉลิมพระเกียรติ,ครุภัณฑ์สำนักงาน,ชุด
8010820001,เครื่องเคลือบกระดาษ ขนาด A3,ครุภัณฑ์สำนักงาน,เครื่อง
8010830005,PCH-3 เก้าอี้ STAFF ทั่วไป,ครุภัณฑ์สำนักงาน,ชุด
8010830006,PCH-4 SOFA 1 ที่นั่ง,ครุภัณฑ์สำนักงาน,ชุด
8010830007,PCH-34 ARMCHAIR,ครุภัณฑ์สำนักงาน,ชุด
8010830008,PCH-6A SOFA 1ที่นั่ง (DILATED ROOM),ครุภัณฑ์สำนักงาน,ชุด
8010830009,PCH-6 SOFA 1 ที่นั่ง (โถง),ครุภัณฑ์สำนักงาน,ชุด
8010830010,PCH-19 SOFA 2 ที่นั่ง (ความงามเลเซอร์),ครุภัณฑ์สำนักงาน,ชุด
8010830011,PCH-25A 2 SEAT SOFA,ครุภัณฑ์สำนักงาน,ชุด
8010830012,PCH-16 SOFA 2 ที่นั่ง (สุขภาพจิต),ครุภัณฑ์สำนักงาน,ชุด
8010830013,PCH-16 SOFA 2 ที่นั่ง,ครุภัณฑ์สำนักงาน,ชุด
8010830014,PCH-20 SOFA 3 ที่นั่ง,ครุภัณฑ์สำนักงาน,ชุด
8010830015,PCH-24A 3 SEAT SOFA,ครุภัณฑ์สำนักงาน,ชุด
8010830016,PCH-8 SOFA 3 ที่นั่ง (รับรอง VIP.),ครุภัณฑ์สำนักงาน,ชุด
8010830017,PCH-7 SOFA 3 ที่นั่ง,ครุภัณฑ์สำนักงาน,ชุด
8010830018,PCH-22 SOFA โค้ง (ตรวจสุขภาพ),ครุภัณฑ์สำนักงาน,ชุด
8010830019,PCH-23 SOFA โค้ง (ตรวจสุขภาพ),ครุภัณฑ์สำนักงาน,ชุด
8010830020,PCH-28 โซฟา 3 ที่นั่ง/โซฟาเข้ามุม,ครุภัณฑ์สำนักงาน,ชุด
8010830021,TP-04A โซฟาเฝ้าไข้,ครุภัณฑ์สำนักงาน,ชุด
8010830022,TP-04B โซฟาเฝ้าไข้,ครุภัณฑ์สำนักงาน,ชุด
8010840001,Cylinder Assembly,ครุภัณฑ์สำนักงาน,ชุด
8010850006,ม่านมากับอาคาร,ครุภัณฑ์สำนักงาน,ชุด
8010850007,ม่านม้วน ขนาด 0.95x2.40 เมตร,ครุภัณฑ์สำนักงาน,ชุด
8010850008,ม่านม้วน ขนาด 1.20x2.40 เมตร,ครุภัณฑ์สำนักงาน,ชุด
8010860001,PT-4 PARTITION,ครุภัณฑ์สำนักงาน,ชุด
8010860002,ฉากพีวีซี ขนาด กว้าง 3.90 เมตร สูง 3. 00 เมตร,ครุภัณฑ์สำนักงาน,ชุด
8010860003,*ยกเลิก*ระแนงบังตา,ครุภัณฑ์สำนักงาน,งาน
8010870001,ระบบประตูบานเลื่อนอัตโนมัติ สำหรับเจ้าหน้าที่และหุ่นยนต์ ROBOT,ครุภัณฑ์สำนักงาน,งาน
8010870002,FINGER SCAN AND CARD READER มากับอาคาร,ครุภัณฑ์สำนักงาน,ชุด
8010870003,ระบบล็อคประตูชนิดสแกนใบหน้าพร้อมติดตั้ง (ICU B),ครุภัณฑ์สำนักงาน,งาน
8010880004,ลิฟท์ บันไดเลื่อนมากับอาคาร,ครุภัณฑ์สำนักงาน,ชุด
8020010001,กระดานไวท์บอร์ดธรรมดา 2 หน้า ขนาด 120x180 ซม. มีล้อเลื่อน,,อัน
8020010002,ยังไม่ใช้ - กระดานฟลิปชาร์ท FUJI 80x100 ซม. 131 (มีแม่เหล็ก),,อัน
8020070001,แบบจำลองอาคารศูนย์การแพทย์ ระบบ Building Information Modeling (BIM) ระดับ LOD 300,,งาน
8020070002,หุ่นจำลองอาหาร (Food Model) จำนวน 25 ชิ้น,,ชุด
8030100001,รถจักรยานไฟฟ้า,,คัน
8030160001,หุ่นยนต์บริการส่งของในอาคาร,,เครื่อง
8030250001,รถกอล์ฟไฟฟ้า 4 ที่นั่ง,,คัน
8050400001,"ระบบล็อคประตู และกริ่งกดเรียก ศูนย์การแพทย์ ชั้น5,6 โรงพยาบาลธรรมศาสตร์เฉลิมพระเกียรติ",,งาน
8050400002,ประตูบานเลื่อน และติดตั้งฟิล์มฝ้าขุ่นบาน Fix ห้องผ่าตัด 2 ศูนย์การแพทย์ ชั้น 5,,งาน
8060010001,เครื่องกำเนิดไฟฟ้ามากับอาคาร,,ชุด
8060020001,หม้อแปลงไฟฟ้ามากับอาคาร,,ชุด
8060030002,OUTDOOR CUBICLEมากับอาคาร,,ชุด
8060040001,เครื่องบันทึกเสียงระบบดิจิตอล,,เครื่อง
8060050002,เครื่องเล่น Blu-ray Disc,,เครื่อง
8060080001,เครื่องรับโทรทัศน์สี LED แบบ Smart TV ขนาด 75 นิ้ว,,เครื่อง
8060110001,เครื่องบันทึกภาพ,,เครื่อง
8060170001,เครื่องรักษาระดับแรงดันไฟฟ้า SILICON,,เครื่อง
8060200004,HSSD Panel,,ชุด
8060230001,โคมไฟแสงสว่างฉุกเฉิน หลอด LED สามารถสำรองไฟฟ้าได้อย่างน้อย 2 ชม.,,ชุด
8060240008,ไฟฉุกเฉินมากับอาคาร,,ชุด
8060260001,ไมโครโฟนไร้สาย SARAMONIC-Blink500 ProX B2R,,ชุด
8060260004,ไมโครโฟนห้องประชุมมากับอาคาร,,ชุด
8060280001,เครื่องสำรองไฟ ฉุกเฉิน,,เครื่อง
8060290005,แผงควบคุมไฟฟ้ามากับอาคาร,,ชุด
8060300004,ตู้เมนสวิตซ์ไฟฟ้ามากับอาคาร,,ชุด
8060310001,ลำโพงมากับอาคาร,,ตัว
8060320003,เครื่องผสมสัญญาณเสียงมากับอาคาร,,เครื่อง
8060330002,FIRE ALARM CONTROL PANEL WITH ACC.,,ชุด
8060340002,โมดูลหรี่ไฟ,,งาน
8060350001,MANAGEMENT SYSTEM,,ชุด
8060360001,เครื่องจ่ายไฟชุดประชุม,,เครื่อง
8060370002,ลิฟต์เก็บจอแสดงผล,,ชุด
8070120001,จอรับภาพ,,เครื่อง
8070180001,เครื่องฉายโปรเจคเตอร์,,เครื่อง
8070200001,ป้ายบอกทางภายในขนาด 0.40*2.40 ม.ข้อความ 2 ด้าน,,ป้าย
8070200002,ป้ายบอกทางภายในขนาด 0.40*2.40 ม.ข้อความ 1 ด้าน,,ป้าย
8070210001,จอ LED WALL,,ชุด
8070210002,จอประชาสัมพันธ์พร้อมระบบซอฟต์แวร์ควบคุม ขนาด 55 นิ้ว แบบสัมผัส,,เครื่อง
8070230001,ชุดเซตไฟสตูดิโอ พร้อมฉากหลังขนาด 3*6 ม.,,ชุด
8070240003,CCTV NETWORK VIDEO RECORDER (NVR) WITH SERVER MANAGEMENT,,ชุด
8070250001,IP MASTER STATION AND SERVER w/POWER SUPPLY,,ชุด
8080010001,เตียงผู้ป่วยปรับระดับด้วยไฟฟ้า ชนิด X-Ray ผ่านได้ พร้อม Over bed,,เตียง
8080010002,เตียงผู้ป่วยปรับระดับด้วยไฟฟ้า พร้อมชั่งน้ำหนัก,,เตียง
8080010003,เตียงผู้ป่วยไฟฟ้า พร้อมอุปกรณ์ (ห้องผู้ป่วย),,เตียง
8080020001,B-1 เตียงตรวจ,,เตียง
8080020003,เตียงแบบ 3-Sections,,เตียง
8080020004,เตียงหัตถการระบบไฟฟ้า,,เตียง
8080030001,เตียงตรวจภายใน,,เตียง
8080040001,เตียงผู้ป่วยระบบไฟฟ้า ชนิดปรับระดับได้ต่ำพิเศษ สำหรับเด็ก,,เตียง
8080040002,เบาะที่นอนผู้ป่วยเด็ก,,หลัง
8080040003,เบาะเปลี่ยนผ้าอ้อม,,ตัว
8080050001,ส่วนต่อขยายเพิ่มความยาวของพื้นเตียงด้านปลายเท้า ชนิดติดตั้งต่อจากส่วนรองรับสะโพก,,ชุด
8080050002,เตียงทำคลอดควบคุมด้วยระบบไฟฟ้า,,เตียง
8080050003,เตียงผ่าตัดทั่วไปควบคุมด้วยไฟฟ้า (X-ray ผ่านได้),,เครื่อง
8080050004,เตียงผ่าตัดใหญ่(กระดูกและข้อ)ควบคุมด้วยไฟฟ้า ระบบ ELECTRO HYDRAULIC,,ชุด
8080050005,เตียงผ่าตัดใหญ่ทั่วไปควบคุมด้วยไฟฟ้า ระบบ ELECTRO HYDRAULIC,,ชุด
8080050006,เตียงผ่าตัดใหญ่พิเศษควบคุมด้วยไฟฟ้า ระบบ ELECTRO HYDRAULIC,,ชุด
8080060001,เก้าอี้คนไข้ขาอยู่กับที่,,ชุด
8080060002,เก้าอี้เคลื่อนย้ายผู้ป่วย,,ตัว
8080060003,เก้าอี้เคลื่อนย้ายผู้ป่วยพร้อมที่พักขา,,ตัว
8080060004,รถเข็นกู้ชีพผู้ป่วยฉุกเฉิน,,คัน
8080070001,เตียงเคลื่อนย้ายผู้ป่วย ล้อใหญ่พิเศษ,,เตียง
8080070002,แผ่นรองเคลื่อนย้ายผู้ป่วย,,แผ่น
8080090001,รถยาวิสัญญี,,คัน
8080130001,เครื่องฟอกสีฟัน,,เครื่อง
8080130002,เครื่องขยายคลองรากฟัน X-SMMART PLUS SET,,เครื่อง
8080130003,เครื่องขูดหินปูน ระบบเพียโซอิเลคทริก,,เครื่อง
8080130004,ด้ามจับหัวขูดหินปูน (Handpriece P5 For Unit),,ด้าม
8080130005,เครื่องเขย่าปูน DentalFarm,,เครื่อง
8080130006,เครื่องทดสอบประสาทฟัน (Pulp Tester),,เครื่อง
8080130007,ปืนระบบ MTA,,ชุด
8080130008,เครื่องนึ่งฆ่าเชื้อด้วยแรงดันไอน้ำ สำหรับด้ามกรอฟัน,,เครื่อง
8080130009,*(ยกเลิก)*Damon Q Sing kit U/L 7-7 LOW-TQ,,SET
8080130010,Damon Clear 2 Bracket,,SET
8080130011,*(ยกเลิก)*SUPERMAT ASSORTMENT,,กล่อง
8080130012,LUKATOR PERIOTOME L5S 5mm.(Directa),,อัน
8080130013,LUKATOR PERIOTOME L3C 3mm.(Directa),,อัน
8080130014,LUKATOR PERIOTOME L3S 3mm.(Directa),,อัน
8080130015,Taper Plugger 30/04,,อัน
8080130016,Taper Plugger 40/04,,อัน
8080130017,A1 Handle,,ชิ้น
8080130018,TONGUE DEPRESSOR WIEDER 36 MM 14 CM,,ชิ้น
8080130019,TONGUE DEPRESSOR WIEDER 43 MM 15 CM,,ชิ้น
8080130020,EXTRAORAL RETRACTOR ECKELT 25 CM FO,,ชิ้น
8080130021,PROGENY RETRACT SCHUCHARDT 18 CM,,ชิ้น
8080130022,RASPATORY DEEP V-SHAPE 17.5 CM,,ชิ้น
8080130023,RASPATORY OBWEGESER CVD 7 MM 20 CM,,ชิ้น
8080130024,MOBILIZATION LEVER TESSIER L 9 MM,,ชิ้น
8080130025,MOBILIZATION LEVER TESSIER R 9 MM,,ชิ้น
8080130026,INSERT H4L,,ชิ้น
8080130027,INSERT H4R,,ชิ้น
8080130028,OSTEOTOME BAUER 6 MM STR 20.5 CM,,ชิ้น
8080130029,OSTEOTOME BAUER 6 MM CVD 20.5 CM,,ชิ้น
8080130030,PTERYGOID-OSTEOTOME HARGIS CVD 22 CM,,ชิ้น
8080130031,REPOSTION FORCEPS STEINHAEUSER 18 CM,,ชิ้น
8080130032,RAMUS RETR OBWEG 75X11/15 MM 24 CM,,ชิ้น
8080130033,SEPTUM OSTEOTOME OBWEGESER 4 MM 19 CM,,ชิ้น
8080130034,SEPTUM OSTEOTOME OBWEGESER 6 MM 19 CM,,ชิ้น
8080130035,MALLET MEAD PLASTIC INSERTS 330 GR,,ชิ้น
8080130036,BLADE OSTEOTOME OBWEGES 8 MM 22.5 CM,,ชิ้น
8080130037,BLADE OSTEOTOME OBWEG 12 MM 22.5 CM,,ชิ้น
8080130038,BLADE OSTEOTOME OBWEG 16 MM 22.5 CM,,ชิ้น
8080130039,WEDGE OSTEOTOME OBWEGES 8 MM 22.5 CM,,ชิ้น
8080130040,WEDGE OSTEOTOME OBWEG 12 MM 22.5 CM,,ชิ้น
8080130041,WEDGE OSTEOTOME OBWEG 16 MM 22.5 CM,,ชิ้น
8080130042,OSTEOTOME EPKER 4 MM STR 18 CM,,ชิ้น
8080130043,OSTEOTOME EPKER 6 MM STR 18 CM,,ชิ้น
8080130044,OSTEOTOME EPKER 4 MM CVD 18 CM,,ชิ้น
8080130045,OSTEOTOME EPKER 6 MM CVD 18 CM,,ชิ้น
8080130046,SCREWDRIVER HANDLE SILICONE ROUND L,,ชิ้น
8080130047,SCREWDRIVER BLADE MAXDRIVE 1.5 MM,,ชิ้น
8080130048,SCREWDRIVER BLADE MAXDRIVE 2.0/2.3 MM L,,ชิ้น
8080130049,SELDIN RASPATORY FIG 23,,ชิ้น
8080130050,ELEVATOR OBWEGESER DOUBLE 20.5 CM,,ชิ้น
8080130051,RETRACT OBWEG DOWN 55X12 MM 23.5 CM,,ชิ้น
8080130052,RETRACT OBWEG DOWN 72X15 MM 23.5 CM,,ชิ้น
8080130053,RETRACTOR OBWEG UPW 57X12.5 MM 23.5 CM,,ชิ้น
8080130054,RETRACTOR OBWEG UPW 72X15 MM 23.5 CM,,ชิ้น
8080130055,IMS Cassette,,ชิ้น
8080130056,Red 16 Instrument Cassette,,อัน
8080130057,เครื่องขูดหินปูน,,เครื่อง
8080130058,เครื่องฉีดวัสดุรักษาคลองรากฟัน,,เครื่อง
8080130059,เครื่องตัดวัสดุรักษาคลองรากฟัน,,ชุด
8080130060,เครื่องวัดความยาวคลองรากฟัน (Root ZX),,เครื่อง
8080130061,เครื่อง pulp tester,,เครื่อง
8080130062,ยูนิตทำฟัน,,ตัว
8080130063,Intra-oral scanner,,เครื่อง
8080130064,ยกเลิก Columbia Curette Satin Steel SC2R2L6.pdf,,ชิ้น
8080130065,"ยกเลิก Columbia Curette Satin Steel_SC4R4L6,pdf",,ชิ้น
8080130066,"ยกเลิก GAUZE PACKER, LUNIATSCHEK,2MM,17.5CM.pdf",,ชิ้น
8080130067,"ยกเลิก GAUZE PACKER,LUNIATSCHEK,3MM,17.5 CM.pdf",,ชิ้น
8080130068,"NEEDLEHOLDER,MAYO-HEGAR,SLIM 16CM",,ชิ้น
8080130069,"ELEVATOR, OBWEGESER, DOUBLE, 20.5 CM",,ชิ้น
8080130070,"RASPATORY, OBWEGES., ROUND, 11 MM, 18 CM",,ชิ้น
8080130071,"RETRACTOR, OBWEG., DOWN, 25X7 MM, 21 CM",,ชิ้น
8080130072,"RETRACTOR, OBWEG., DOWN, 35X10 MM, 23 CM",,ชิ้น
8080150001,Handheld slit lamp,,ตัว
8080150002,กล้องจุลทรรศน์,,ตัว
8080150003,กล้องจุลทรรศน์ผ่าตัดตาสำหรับห้องหัตถการ,,เครื่อง
8080150004,กล้องจุลทรรศน์ผ่าตัด หู คอ จมูก,,เครื่อง
8080150005,กล้องจุลทรรศน์สำหรับผ่าตัดตา รวมชุดผ่าตัดจอประสาทตา,,ชุด
8080150006,กล้องจุลทรรศน์ dental microscope,,ชุด
8080150007,กล้อง microscope (ortho+ENT),,ชุด
8080170001,กล้องส่องทางเดินหายใจสำหรับช่วยใส่ท่อช่วยหายใจแสดงผลบนจอภาพแยก,,เครื่อง
8080170002,กล้องส่องตรวจมะเร็งปากมดลูกวีดิทัศน์แบบคมชัดสูง,,ชุด
8080170003,กล้องส่องตรวจและผ่าตัดโพรงจมูก Telescope 0 องศา diamete 2.7 mm,,ตัว
8080170004,กล้องส่องตรวจท่อไตและไตแบบโค้งงอชนิดวิดิทัศน์,,ชุด
8080170005,กล้องส่องตรวจท่อไต (semi rigid ureterorenoscope),,ชุด
8080170006,กล้องส่องตรวจท่อทางเดินปัสสาวะและกระเพาะปัสสาวะแบบโค้งงอ ชนิดวิดิทัศน์,,ชุด
8080170007,ชุดกล้องส่องตรวจรักษาโพรงจมูกและกล่องเสียงระบบวิดีทัศน์,,ชุด
8080170008,ชุดกล้องส่องในข้อขนาดเล็ก,,ชุด
8080170009,ชุดเครื่องผ่าตัดด้วยกล้องภาพความถี่สูง (4K) ศัลยกรรม+สูติกรรม,,ชุด
8080170010,ชุดเครื่องผ่าตัดด้วยกล้องภาพความถี่สูง (4K) ศัลยกรรมกระดูกพร้อมอุปกรณ์,,ชุด
8080170011,ชุดถ่ายทอดสัญญาณความละเอียดสูงสำหรับการผ่าตัดผ่านกล้องทางเดินปัสสาวะ,,ชุด
8080170012,ชุดถ่ายทอดสัญญาณภาพสำหรับผ่าตัด ผ่านกล้องหู คอ จมูก,,เครื่อง
8080170013,ชุดถ่ายทอดสัญญาณภาพสำหรับผ่าตัดผ่านกล้อง หู คอ จมูก รวม lens สำหรับผ่าตัด,,ชุด
8080170014,ชุดส่องหลอดลมสำหรับเด็ก,,ชุด
8080170015,ชุดส่องหลอดลมสำหรับผู้ใหญ่,,ชุด
8080170016,ชุดส่องหลอดลมสำหรับผู้ใหญ่และเด็ก,,ชุด
8080170017,ปลอกสวมกล้องสำหรับส่องตรวจ,,ชุด
8080170018,เลนส์ส่องตรวจขนาด 4 มม.,,ชุด
8080180001,เครื่องชั่งน้ำหนักผู้ใหญ่แบบดิจิตอลพร้อมที่วัดส่วนสูง,,เครื่อง
8080180002,เครื่องชั่งน้ำหนักและวัดส่วนสูงเด็กทารก ระบบดิจิตอล,,เครื่อง
8080180003,เครื่องชั่งน้ำหนักชนิดดิจิตอล,,เครื่อง
8080180004,เครื่องชั่งน้ำหนักดิจิตอลพร้อมเครื่องวัดส่วนสูง,,เครื่อง
8080180005,เครื่องชั่งน้ำหนักเด็กทารกชนิดดิจิตัลพร้อมที่วัดส่วนสูง,,เครื่อง
8080180006,เครื่องชั่งน้ำหนักเด็กทารกแบบดิจิตอลพร้อมที่วัดส่วนสูง,,เครื่อง
8080180007,เครื่องชั่งน้ำหนักผู้ใหญ่ชนิดดิจิตัลพร้อมที่วัดส่วนสูง,,เครื่อง
8080190001,ตู้เป่าแห้งกล้องส่องตรวจแบบ Pass Through,,ชุด
8080190002,Biosafety cabinet class ll,,ตู้
8080220001,เครื่องปั๊มนมไฟฟ้า,,เครื่อง
8080240001,เครื่องนึ่งฆ่าเชื้อด้วยความดันไอน้ำ ขนาด 24 ลิตร,,เครื่อง
8080240002,เครื่องอบฆ่าเชื้อด้วยแสงยูวี,,เครื่อง
8080240003,ตู้อบเด็ก,,เครื่อง
8080240004,ตู้อบเด็กสำหรับลำเลียงทารกแรกคลอด,,เครื่อง
8080240005,ตู้อบเด็กชนิดควบคุมอุณหภูมิพร้อมปรับเปลี่ยนให้เป็นเครื่องให้ความอบอุ่นทารกแรกเกิดพร้อมชุดชั่งน้ำหนัก incuwarmer,,เครื่อง
8080240006,เครื่องตรวจสอบประสิทธิภาพการทำให้ปราศจากเชื้อด้วยตัวบ่งชี้ทางชีวภาพ,,เครื่อง
8080240007,เครื่องนึ่งฆ่าเชื่อด้วยแรงดันไอน้ำ,,เครื่อง
8080250001,*ยกเลิก*เครื่องพ่นลมเย็น KOOLIO,,เครื่อง
8080250002,เครื่องพ่นลมเย็น KOOLIO,,เครื่อง
8080300001,เครื่องวัดความอิ่มตัวของออกซิเจนในเลือด ชนิดพกพา,,เครื่อง
8080300002,เครื่องวัดแรงดันของบอลลูนในท่อช่วยหายใจ,,เครื่อง
8080300003,ชุดควบคุมแรงดันบวกช่วงสิ้นสุดการหายใจออก,,ชุด
8080300004,เครื่องวัดระดับความอิ่มตัวของออกซิเจนในเลือด รุ่น Rad-97 with NIBP,,เครื่อง
8080310001,ชุดเครื่องยกกระชับผิว เทคโนโลยีอัลตร้าฟอร์เมอร์ ไมโครฟัลส์ (Ultraformer MPT),,เครื่อง
8080320001,มาตรวัดส่วนสูงแบบพับเก็บได้,,อัน
8080330001,เครื่องวัดอุณหภูมิทางหน้าผากระบบอินฟาเรด,,เครื่อง
8080440001,เครื่องควบคุมการให้ยาสลบและสารละลายทางหลอดเลือดอัตโนมัติโดยใช้กระบอกฉีดยาทางวิสัญญี,,เครื่อง
8080440002,เครื่องควบคุมอุณหภูมิสารละลายทางน้ำเกลือ,,เครื่อง
8080440004,เครื่องควบคุมการให้อาหารทางสายยาง,,เครื่อง
8080440005,เครื่องควบคุมให้สารละลาย ยาระงับปวดและยาสลบทางหลอดเลือดดำ ชนิดควบคุมโดยอัตโนมัติ,,เครื่อง
8080440006,Pressure Bag,,ชุด
8080470001,เครื่องตรวจวิเคราะห์การนอนหลับชนิดความละเอียดสูงพร้อมระบบการจัดการข้อมูล,,ชุด
8080470002,เครื่องวัดระดับบิริลูบินในทารก,,เครื่อง
8080480001,"ชุดเครื่องมือส่องหลอดลม สำหรับเด็ก Blade 00,0.1 ตรง",,ชุด
8080480002,เลนส์ส่องตรวจรอยโรคต้อหินแบบ 4 มุมมอง (4 Mirror Gonio Lens),,ชุด
8080480003,ชุดส่องหลอดลม,,ชุด
8080480004,PEDERSON specul.fig.3 120x25 mm,,อัน
8080480005,Fansler Anoscope ขนาด 29 x 65 mm,,อัน
8080480006,เครื่องมือสำหรับยิงริดสีดวงทวาร,,ชุด
8080480007,เครื่องวัดอัตราการไหลของปัสสาวะแบบไร้สาย,,เครื่อง
8080480008,เครื่องมือยกดันผนักช่องหู (Ear duckbil),,เครื่อง
8080480009,ชุดส่องหลอดลมเด็ก,,ชุด
8080480010,ชุดส่องหลอดลมผู้ใหญ่,,ชุด
8080480011,ชุดส่องหลอดลมสำหรับผู้ใหญ่ และเด็ก,,ชุด
8080480012,ส้อมเสียง (Tuning Fock) ขนาด 256,,ชิ้น
8080480013,ส้อมเสียง (Tuning Fock) ขนาด 512,,ชิ้น
8080480014,ชุดตรวจ ตา หู ri-scope รุ่น (R3745),,ชุด
8080480015,ชุดเครื่องวัดปริมาตรและวัดอัตราการไหลของอากาศ พร้อมการวิเคราะห์ผลอัตโนมัติ,,ชุด
8080490001,เครื่องให้ความอบอุ่นทารกแรกเกิด,,เครื่อง
8080490002,เครื่องให้ความอบอุ่นทารกชนิดควบคุมอุณหภูมิอัตโนมัติจากผิวหนังทารกแรกเกิด,,เครื่อง
8080490003,เครื่องให้ความอบอุ่นทารกชนิดควบคุมอุณหภูมิโดยอัตโนมัติพร้อมชุดช่วยชีวิตที่สามารถปรับอัตราการหายใจได้,,เครื่อง
8080490004,เครื่องให้ความอบอุ่นทารกแรกเกิดพร้อมชุดควบคุมอุณหภูมิของเบาะรองนอนชนิดเจล,,เครื่อง
8080530001,TUR Stand รถเข็นวางหม้อ TURP,,ชิ้น
8080610001,หัวจี้ห้ามเลือดชนิดไบโพล่าพร้อมสาย,,ชุด
8080610002,Cryotherapy,,เครื่อง
8080610003,เครื่องจี้กำเนิดคลื่นวิทยุความถี่สูงสำหรับผ่าตัด พร้อมที่ดูดควัน,,เครื่อง
8080610004,เครื่องจี้และตัดด้วยคลื่นกระแสไฟฟ้าความถี่สูง,,เครื่อง
8080610005,เครื่องจี้ห้ามเลือดด้วยไฟฟ้าอัตโนมัติและด้วยอาร์กอน,,เครื่อง
8080610006,เครื่องจี้ห้ามเลือดตัดเนื้อเยื่อด้วยไฟฟ้าพร้อมระบบเชื่อมปิดหลอดเลือด,,ชุด
8080610007,เครื่องจี้ห้ามเลือดไฟฟ้า (แบบ bipolar),,ชุด
8080610008,เครื่องจี้ห้ามเลือดไฟฟ้า (แบบ mono),,ชุด
8080610009,เครื่องจี้ห้ามเลือดและตัดด้วยไฟฟ้าขนาดพลังงานสูงสุด 100 วัตต์,,เครื่อง
8080610010,เครื่องรัดห้ามเลือดไฟฟ้า,,ชุด
8080610011,ด้ามจี้ห้ามเลือดไฟฟ้า (แบบ Bipolar),,ชุด
8080620001,*(ยกเลิก)*เครื่องดูดเสมหะแบบติดผนัง,,เครื่อง
8080620002,เครื่องดูดของเหลวจากช่องเยื่อหุ้มปอด,,เครื่อง
8080620003,เครื่องดูดของเหลวจากเยื่อหุ้มปอด,,เครื่อง
8080620004,เครื่องดูดของเหลวในช่องปอดชนิดอัตโนมัติ,,เครื่อง
8080620005,เครื่องดูดน้ำย่อยและลมออกจากกระเพาะอาหารติดผนัง,,เครื่อง
8080620006,เครื่องดูดเสมหะแบบติดผนัง,,ชุด
8080620007,เครื่องดูดเสมหะไฟฟ้าแบบเคลื่อนที่มีแบตเตอรี่,,ชุด
8080620008,ชุดดูดปล่อยสารละลาย,,ชุด
8080620009,ชุดดูดเสมหะแบบติดผนัง,,ชุด
8080620010,Mobile suction,,เครื่อง
8080620011,เครื่องดูดเสมหะแบบพกพา รุ่น Aspira go (AR30P00),,เครื่อง
8080620012,ชุดดูดเสมหะแบบติดฝาผนัง High Suction 0-300 mmHg ครบชุด Amvex,,ชุด
8080630001,*(ยกเลิก)*ชุดดูดของเหลวในช่องอก,,ชุด
8080630002,ชุดดูดของเหลวในช่องอก,,ชุด
8080640001,เครื่องตัดเฝือกไฟฟ้าพร้อมเครื่องดูดฝุ่น พร้อมใบเลื่อย,,เครื่อง
8080640002,ชุดเลื่อยตัดกระดูกขนาดใหญ่,,ชุด
8080640003,ชุดสว่านกรอกระดูกด้วยความเร็วสูง,,ชุด
8080640004,ชุดสว่าน เจาะ ตัด กรอกระดูกขนาดเล็ก,,ชุด
8080640005,ชุดสว่านเจาะ ตัด กรอกระดูกขนาดใหญ่,,ชุด
8080680001,ด้ามกรอสำหรับงานผ่าตัดทางทันตกรรม,,เครื่อง
8080680002,เครื่องทำความสะอาดและหล่อลื่นด้ามกรอ,,เครื่อง
8080680003,เครื่องไมโครมอเตอร์สำหรับงานฝังรากเทียม,,เครื่อง
8080680004,เครื่องไมโครมอเตอร์สำหรับงานศัลยศาสตร์,,เครื่อง
8080680005,เครื่องไมโครมอเตอร์สำหรับงานใส่ฟัน,,เครื่อง
8080680006,หัวกรอฟันความเร็วสูง (Airotor),,เครื่อง
8080680007,หัวกรอฟันแบบตรง (Straight),,เครื่อง
8080680008,หัวกรอฟันแบบต่อ (Contra),,เครื่อง
8080680009,หัวกรอฟันแบบตรง ชนิดหัวเหล็ก,,ชิ้น
8080700001,*(ยกเลิก)*ชุดปรับอัตราการไหลของออกซิเจน ชนิด 2 หัวจ่าย,,
8080700002,ชุดปรับแรงดันและอัตราการไหลของออกซิเจน ขนาด 0-25 ลิตรต่อนาที,,ชุด
8080700003,ชุดปรับแรงดันและอัตราการไหลของออกซิเจน ขนาด 0-15 ลิตรต่อนาที,,ชุด
8080700004,ชุดปรับอัตราไหลของออกซิเจน ชนิดต่อผนัง,,ชุด
8080700005,ชุดควบคุมอัตราการไหลของออกซิเจนชนิดความดันต่ำ 0-5 ลิตร พร้อมกระบอกความชื้น,,ชุด
8080700006,ชุดให้ออกซิเจนแบบติดผนังแบบ 2 ทางพร้อมกระบอกความชื้น,,ชุด
8080700007,ชุดให้ออกซิเจนแบบติดผนังพร้อมกระบอกความชื้นชนิดปรับเปอร์เซ็นออกซิเจน,,ชุด
8080700008,ชุดปรับอัตราการไหลของออกซิเจน ชนิด 2 หัวจ่าย,,ชุด
8080700009,เครื่องให้อากาศผสมออกซิเจนอัตราการไหลสูง,,เครื่อง
8080700010,ชุดควบคุมอัตราการไหลของออกซิเจนชนิดแรงดันต่ำ 0 - 5ลิตร พร้อมกระบอกให้ความชื้น (ของเด็ก),,ชุด
8080700011,ชุดปรับอัตราการไหลของออกซิเจน ขนาด 0-15 ลิตรต่อนาที พร้อมกระบอกน้ำให้ความชื้น,,ชุด
8080700012,ชุดให้ออกซิเจนแบบติดผนังแบบ2ทางพร้อมกระบอกให้ความชื้น,,ชุด
8080700013,ชุดให้ออกซิเจนแบบติดฝาผนัง,,ชุด
8080700014,ชุดให้ออกซิเจนพร้อมกระบอกความชื้นชนิดปรับเปอร์เซนต์ออกซิเจน,,ชุด
8080700015,ชุดให้ออกซิเจนโฟล พร้อมกระบอกความชื้นชนิดปรับเปอร์เซ็นต์ออกซิเจน,,ชุด
8080700016,ชุดปรับแรงดันออกซิเจน 2 ทาง,,ชุด
8080700017,ชุดให้ออกซิเจนแบบติดฝาผนัง 1 หัว + check Valve (Soloda),,ชุด
8080700018,เครื่องให้อากาศผสมออกซิเจนอัตราไหลสูง,,เครื่อง
8080710001,ชุดเครื่องเอกซเรย์แบบ Portable พร้อมอุปกรณ์,,ชุด
8080710002,เครื่องถ่ายภาพรังสีในช่องปากและกะโหลกศีรษะระบบภาพ 3 มิติ ชนิด Cone Beam Computed Tomography [CBCT],,เครื่อง
8080710003,เครื่องถ่ายภาพรังสีในช่องปากระบบดิจิตอล,,เครื่อง
8080710004,เครื่องถ่ายรังสีภายนอกช่องปาก Panoramic,,เครื่อง
8080710005,เครื่อง X ray c arm แบบ flat panel ชนิดเคลื่อนที่ได้ (fluoroscopy),,ชุด
8080750001,เครื่องช่วยหายใจสำหรับทารกแรกเกิดชนิดเคลื่อนย้ายได้พร้อมจอภาพ,,เครื่อง
8080750002,เครื่องช่วยหายใจควบคุมด้วยปริมาตรและความดันขั้นสูง,,เครื่อง
8080750003,เครื่องช่วยหายใจชนิดเคลื่อนย้าย,,เครื่อง
8080760001,เครื่องติดตามการทำงานของหัวใจและสัญญาณชีพ สำหรับเด็ก ชนิดเคลื่อนย้ายได้,,เครื่อง
8080780001,เครื่องทำความสะอาดเปลือกตา,,เครื่อง
8080780002,กล้องจุลทรรศน์ตรวจตาชนิดลำแสงแคบแบบมือถือ,,เครื่อง
8080780003,กล้องตรวจตาชนิดลำแสงแคบ (Slit lamp),,เครื่อง
8080780004,กล้องถ่าพภาพลูกตาส่วนหน้าความละเอียดสูง,,เครื่อง
8080780005,เครื่องตรวจจอประสาทตาและขั้วประสาทตา (OCT),,เครื่อง
8080780006,เครื่องตรวจจอประสาทตา (Direct ophthalmoscope),,เครื่อง
8080780007,เครื่องตรวจจอประสาทตา (Indirect ophthalmoscope),,เครื่อง
8080780008,"เครื่องตรวจตาด้วยคลื่นเสียงความถึ่สูงแบบ A, B และ UBM",,เครื่อง
8080780009,เครื่องตรวจวัดความดันลูกตาอัตโนมัติ (Airpuff tonometry),,เครื่อง
8080780010,เครื่องตรวจวัดลานสายตา (Field analysis),,เครื่อง
8080780011,เครื่องตรวจวิเคราะห์กระจกตาระดับกล้องจุลทรรศน์ (มีทั้ง confoscan และ cell count),,เครื่อง
8080780012,เครื่องตรวจวิเคราะห์ ระบบการไหลเวียนของหลอดเลือดในจอตาด้วยการฉีดสี Fluorescence หรือ ICG,,เครื่อง
8080780013,เครื่องถ่ายภาพจอประสาทตา ระบบดิจิตอล ชนิดไม่หยอดยาขยายม่านตา,,เครื่อง
8080780014,เครื่องทดสอบการมองเห็นของสายตา,,เครื่อง
8080780015,เครื่องวัดความดันตา (Tono-pen (I-pair)),,เครื่อง
8080780016,เครื่องวัดค่ากำลังของเลนส์แว่นตา (Auto Lens meter),,เครื่อง
8080780017,เครื่องวัดค่าเลนส์แก้วตาเทียมแบบไม่สัมผัสลูกตาโดยใช้ลำแสงเลเซอร์,,เครื่อง
8080780018,เครื่องวัดค่าสายตา (phoropter),,เครื่อง
8080780019,เครื่องวัดค่าสายตา (Retinoscope),,เครื่อง
8080780020,เครื่องวัดสายตาสามมิติ (Titmus stereo test),,เครื่อง
8080780021,เครื่องวัดสายตาอัตโนมัติ (Autorefraction),,เครื่อง
8080780022,จอภาพสำหรับวัดสายตา,,เครื่อง
8080780023,ชุดเลนส์วัดสายตา (Trial lens set),,ชุด
8080780024,เลนส์ตรวจตาชนิด 3-mirror,,ชุด
8080780025,เลนส์ตรวจตาชนิด 78D,,ชุด
8080780026,เลนส์ตรวจตาชนิด 90D,,ชุด
8080780027,เลนส์ตรวจตาชนิดใช้กับรูม่านตาเล็ก,,ชุด
8080780028,เลนส์ตรวจตาชนิดมุมมองกว้าง,,ชุด
8080780029,หนังสือตรวจตาบอดสี Color blind test,,ชุด
8080780030,อุปกรณ์ปริซึม (Prism lens set),,ชุด
8080780031,Gonio lens,,ชุด
8080780032,แว่นขยายลูกตา ตรวจอาการตากระตุก,,เครื่อง
8080790001,เครื่องวิเคราะห์การแข็งตัวของเลือด,,เครื่อง
8080800001,เครื่องดมยาสลบชนิดไม่ซับซ้อน,,เครื่อง
8080800002,*(ยกเลิก)*เครื่องตรวจวัดสัญญาณชีพและความเข้มข้นของก๊าซดมยาสลบจากการหายใจ,,เครื่อง
8080800003,เครื่องดมยาสลบพร้อมอุปกรณ์,,เครื่อง
8080800004,เครื่องตรวจวัดสัญญาณชีพและความเข้มข้นของก๊าซดมยาสลบจากการหายใจ,,เครื่อง
8080830001,เครื่องอุ่นน้ำเกลือและสารละลาย,,เครื่อง
8080850001,ไฟส่องสวมศีรษะใช้ในการผ่าตัด พร้อมแบตเตอร์รี่พกพา,,ชุด
8080850002,โคมไฟอบแผล,,ชุด
8080850003,เครื่องส่องไฟรักษาเด็กตัวเหลืองชนิด LED,,เครื่อง
8080850004,เครื่องส่องไฟรักษาทารกตัวเหลือง ชนิดความเข้มแสงสูงแบบ LED,,เครื่อง
8080850005,โคมไฟส่องตรวจและผ่าตัดชนิดติดเพดาน,,ตัว
8080850006,โคมไฟผ่าตัดใหญ่ LED ชนิดติดเพดานแบบโคมคู่,,ชุด
8080850007,โคมไฟผ่าตัด LED ชนิดโคมเดี่ยวติดเพดาน,,ชุด
8080850008,โคมไฟส่องตรวจชนิดหลอด LED แบบเคลื่อนที่,,อัน
8080850009,โคมไฟส่องหัตถการ,,ชุด
8080850010,ไฟผ่าตัดชนิดสวมศรีษะ (ENT) มี battery,,ชุด
8080850011,โคมไฟผ่าตัดชนิดแสงเย็น รุ่น ID ยี่ห้อ China,,ชุด
8080860001,คริบเด็กทารกแรกเกิด,,อัน
8080860002,คลิบเด็กแบบปรับระดับขึ้น-ลงได้ทารกแรกเกิด,,อัน
8080860003,เครื่องดูดของเหลวแรงดูดต่ำสำหรับทารกแรกเกิด ระบบไปป์ไลน์,,ชุด
8080860004,เครื่องดูดสุญญากาศช่วยคลอดระบบอัตโนมัติ,,เครื่อง
8080860005,เครื่องตรวจอวัยวะภายในด้วยคลื่นเสียงความถี่สูงชนิดสามและสี่มิติ (3D/4D),,เครื่อง
8080860006,เครื่องบันทึกการบีบตัวของมดลูก และอัตราการเต้นของหัวใจทารกในครรภ์ (ครรภ์แฝด),,เครื่อง
8080860007,เครื่องฟังเสียงหัวใจทารกในครรภ์,,เครื่อง
8080860008,เครื่องฟังเสียงหัวใจทารกในครรภ์ (แบบพกพา),,เครื่อง
8080860009,ชุดขูดมดลูก (ชุด),,ชุด
8080860010,ชุดขูดมดลูกหลังคลอด,,ชุด
8080860011,ชุดช่วยชีวิตทารกแรกเกิดแบบเคลื่อนย้าย รุ่น NeoPlP,,ชุด
8080860012,ชุดศูนย์กลางควบคุมเครื่องติดตามการทำงานของหัวใจทารกในครรภ์,,ชุด
8080860013,คลิบเด็กทารกแรกเกิด,,ชุด
8080860014,เปลเด็กทารกแรกเกิด,,ชุด
8080870001,ฉากบังตาชนิด 3 ตอน,,ชุด
8080900001,เครื่องปั่นอัลมันกัม,,เครื่อง
8080900002,เครื่องปั่นเหวี่ยงตกตะกอน,,เครื่อง
8080900003,เครื่องปั่นเหวี่ยงตกตะกอน ชนิดควบคุมอุณหภูมิ,,เครื่อง
8080900004,เครื่องปั่นเหวี่ยงสารละลายแบบตั้งโต๊ะ,,ชุด
8080910001,แผ่นรองเคลื่อนย้ายผู้ป่วย (PATSLIDE),,แผ่น
8080910002,แผ่นรองปั๊มหัวใจ,,อัน
8080910003,แผ่นกระดานเคลื่อนย้ายผู้ป่วยพร้อมอุปกรณ์,,ชุด
8080910004,เปลตัก รุ่น SKX-B2,,อัน
8080920001,เครื่องวัดดัชนีมวลกายพร้อมรองรับการเชื่อมต่อกับเครื่องวัดความดันโลหิตแบบสอดแขน,,เครื่อง
8080920002,"เครื่องตรวจและติดตามคลื่นหัวใจ,ความดันโลหิต,ชีพจรและความอิ่มตัวของออกซิเจนในเลือด (เครื่อง)",,เครื่อง
8080920003,*(ยกเลิก)*เครื่องวัดความดันโลหิตอัตโนมัติ พร้อมวัดความอิ่มตัวของออกซิเจนในเลือด,,เครื่อง
8080920004,เครื่องวัดความดันโลหิตอัตโนมัติ พร้อมวัดความอิ่มตัวของออกซิเจนในเลือดชนิดเคลื่อนที่ได้,,เครื่อง
8080920005,เครื่องติดตามการทำงานของหัวใจพร้อมเครื่องวัดความดันโลหิต,,เครื่อง
8080920006,เครื่องเฝ้าติดตามการทำงานของหัวใจและสัญญาณชีพ( bedside monitor),,เครื่อง
8080920007,เครื่องวัดความดันโลหิตแบบสอดแขน,,เครื่อง
8080920008,เครื่องวัดความดันโลหิตและชีพจรแบบอัตโนมัติ,,เครื่อง
8080920009,เครื่องวัดความดันโลหิตอัตโนมัติ,,เครื่อง
8080920010,เครื่องวัดความดันโลหิตอัตโนมัติชนิดสอดแขน,,เครื่อง
8080920011,เครื่องวัดความดันโลหิตอัตโนมัติตลอด 24 ชั่วโมง (Ambulatory Blood Pressure),,ชุด
8080920012,เครื่องวัดความดันโลหิตอัตโนมัติ พร้อมวัดความอิ่มตัวของออกซิเจนในเลือด,,เครื่อง
8080920013,เครื่องวัดความดันโลหิตอัตโนมัติพร้อมวัดความอิ่มตัวของออกซิเจนในเลือด,,เครื่อง
8080920014,เครื่องวัดสัญญาณชีพ,,ชุด
8080920015,เครื่องวัด Oxygen saturation พร้อมเครื่องวัดความดัน,,ชุด
8080920016,ชุดศูนย์กลางสัญญาณชีพขนาด 8 เตียง พร้อมอุปกรณ์,,ชุด
8080920017,เครื่องวัดความดันโลหิตปรอท มีล้อเลื่อน,,เครื่อง
8080920018,เครื่องวัดความดันโลหิตปลอดสารปรอท รุ่น CK-E301,,เครื่อง
8080930001,ตู้แช่เย็น 1 ประตู,,ตู้
8080930002,ตู้เย็น 2 ประตู ขนาดไม่น้อยกว่า 6 ลูกบาศก์เมตร,,ตู้
8080930003,ตู้เย็นแช่ยา ชนิด 1 ประตู,,ตู้
8080930004,ตู้เย็นแช่ยา ชนิด 2 ประตู,,ตู้
8080930005,ตู้เย็นควบคุมอุณหภูมิ 2-8 องศาเซลเซียสขนาด 3 ประตู,,ตู้
8080930006,ตู้แช่เย็น 1 ประตู ขนาด 8.1 คิว (สำหรับแช่เวชภัณฑ์),,ตู้
8080930007,ยกเลิก ตู้เย็น 1 ประตู ขนาด 5.2 คิว,,เครื่อง
8080930008,*(ยกเลิก)*ตู้เย็นขนาด 10 คิว,,เครื่อง
8080930009,ตู้เย็นแช่ยา 1 ประตู ขนาด 17.44 คิว,,เครื่อง
8080930010,ตู้เย็นแช่ยา 1 ประตู ขนาด 2.52 คิว,,เครื่อง
8080930011,เครื่อง waterbath,,เครื่อง
8080930012,ตู้แช่ยา บานกระจก สุญญากาศ ขนาด 11.6 คิว,,เครื่อง
8080930013,ตู้แช่เย็น 3 ประตู,,ตู้
8080930014,ตู้เย็นเก็บเลือดขนาด 5.3 คิว,,เครื่อง
8080930015,ตู้เย็นขนาด 10 คิว,,ตู้
8080930016,ตู้เย็นขนาด 6 คิว,,ตู้
8080930017,ตู้แช่แข็งแบบตั้ง (ฝาทึบ) อุณหภูมิ -18 C to -24 C ขนาด 182 ลิตร,,ตู้
8080940001,ตู้เก็บยากึ่งอัตโนมัติ ขนาด 16 ช่อง พร้อมรถเข็นจ่ายยา,,ชุด
8080940002,ตู้เก็บยากึ่งอัตโนมัติ ขนาด 16 ช่อง,,อัน
8080950001,ชุดเครื่องมือผ่าตัดสลายต้อกระจก,,ชุด
8080950002,ชุดเครื่องมือผ่าตัดต้อกระจก,,ชุด
8080950003,ชุดเครื่องมือขบตัดเนื้อเยื่อกระดูก Kerison,,ชุด
8080950004,ชุดเครื่องมือตัดเนื้อเยื่อผ่านกล้อง,,ชุด
8080950005,ชุดเครื่องมือผ่าตัดขูดกระดูก,,ชุด
8080950006,ชุดเครื่องมือผ่าตัดพื้นฐาน Extra,,ชุด
8080950007,ชุดเครื่องมือผ่าตัดพื้นฐานในการผ่าตัดเปลี่ยนข้อเข่า,,ชุด
8080950008,ชุดเครื่องมือผ่าตัดพื้นฐานในการผ่าตัดเปลี่ยนข้อตะโพก,,ชุด
8080950009,ชุดเครื่องมือผ่าตัดส่องข้อผ่านกล้อง,,ชุด
8080950010,ชุดอุปกรณ์จัดท่าสำหรับทำผ่าตัด (จัดท่าบริเวณทรวงอกและสะโพก),,ชุด
8080950011,ชุดเครื่องมือผ่าตัดผ่านกล้อง,,ชุด
8080950012,RHINOFORCE ll Nasal Forceps size 0,,ชิ้น
8080950013,"กล่องสำหรับบรรจุเครื่องมือผ่าตัด Phaco Tray-Medium 8.00"" x 5.00'' x 1.00''",,ชิ้น
8080950014,Biportal Endoscope,,ชิ้น
8080950015,Biportal Endoscope Sheath,,ชิ้น
8080950016,Chisel Straight,,ชิ้น
8080950017,Pedicle Chisel,,ชิ้น
8080950018,Hocky Chisel Left,,ชิ้น
8080950019,Hocky Chisel Right,,ชิ้น
8080950020,Boomerang Curette,,ชิ้น
8080950021,Micro Curette,,ชิ้น
8080950022,"Up Curette 3mm, angle 45˚",,ชิ้น
8080950023,"Up Curette 3mm, angle 60˚",,ชิ้น
8080950024,Curved Curette,,ชิ้น
8080950025,Down Curette,,ชิ้น
8080950026,Micro Pitchitery Forceps,,ชิ้น
8080950027,"Micro Pitchitery Forceps 2mm, WL 180mm",,ชิ้น
8080950028,Micro Pitchitery Forceps UP 1.5 mm,,ชิ้น
8080950029,Micro Pitchitery Forceps UP 2 mm,,ชิ้น
8080950030,L-Hook,,ชิ้น
8080950031,Biportal Knife,,ชิ้น
8080950032,Straight punch tip 2 mm.,,ชิ้น
8080950033,Straight punch tip 3 mm.,,ชิ้น
8080950034,Curved Forminal Punch,,ชิ้น
8080950035,Working Cannula WL 40 mm.,,ชิ้น
8080950036,Working Cannula WL 50 mm.,,ชิ้น
8080950037,Working Cannula WL 60 mm.,,ชิ้น
8080950038,Root retractor Bayonet,,ชิ้น
8080950039,Muscle Detacher,,ชิ้น
8080950040,Cobra Dissector,,ชิ้น
8080950041,"Self-retractor ø 7.8mm.,WL 90 mm.",,ชิ้น
8080950042,"Self-retractor ø 8.0mm.,WL 90 mm.",,ชิ้น
8080950043,"Self-retractor ø 7.8mm.,WL 135 mm.",,ชิ้น
8080950044,"Self-retractor ø 8.0mm.,WL 135 mm.",,ชิ้น
8080950045,Bone chip Funnel,,ชิ้น
8080950046,Bone chip lnserter,,ชิ้น
8080950047,Root Retractor Cage Guide Left,,ชิ้น
8080950048,Root Retractor Cage Guide Right,,ชิ้น
8080950049,Endplate Remover Drop,,ชิ้น
8080950050,Instrument Tray,,ชิ้น
8080950051,กล่องสำหรับใส่เครื่องมือและสกรูยึดกระดูก,,ชุด
8080950052,BONE HOOK,,ชิ้น
8080950053,ชุดเครื่องกระดกมดลูกแบบถ้วยเซรามิก,,ชุด
8080950054,CURVED HOHMANN,,ชิ้น
8080950055,ที่ถ่างปากช่องคลอดชนิดมีท่อสำหรับดูดควัน,,ชิ้น
8080950056,ที่ถ่างแผล,,ชิ้น
8080950057,อุปกรณ์สำหรับขยายปากมดลูก เบอร์ 1 - เบอร์ 15,,ชุด
8080950058,"HEGAR doub, dilat. 13 ea. In metal case",,กล่อง
8080950059,*(ยกเลิก)*WIDE COBRA,,ชิ้น
8080950060,SHORT PRONG MUELLER,,ชิ้น
8080950061,CLICKLINE Grasping Forceps (33321ME),,ชิ้น
8080950062,CLICKLINE Grasping Forceps (33321MG),,ชิ้น
8080950063,CLICKLINE SAWALHE Grasping Forceps (33331UM),,ชิ้น
8080950064,"CURETTE, 9-1/2,EXTRA LARGE,CERVICAL,BAY,FWD ANG 2-0",,ชิ้น
8080950065,"CURETTE, 9-1/2,EXTRA LARGE,CERVICAL,BAY,FWD ANG 3-0",,ชิ้น
8080950066,"CURETTE, 9-1/2,EXTRA LARGE,CERVICAL,BAY,FWD ANG 4-0",,ชิ้น
8080950067,"CUSHING IVD RONGEUR 7, STRAIGHT, 1.5X10MM BITE",,ชิ้น
8080950068,Tray for small set,,ชุด
8080950069,เครื่องมือทำเกลียวสกรูยึดกระดูกขนาด 3.5 มิลลิเมตร ยาว 110 มิลลิเมตร,,ชิ้น
8080950070,เครื่องมือทำเกลียวสกรูยึดกระดูกขนาด 4.0 มิลลิเมตร ยาว 110 มิลลิเมตร,,ชิ้น
8080950071,เครื่องมือทำเกลียวสกรูยึดกระดูกขนาด 4.5 มิลลิเมตร ยาว 125 มิลลิเมตร,,ชิ้น
8080950072,เครื่องมือทำเกลียวสกรูยึดกระดูกขนาด 6.5 มิลลิเมตร ยาว 200 มิลลิเมตร,,ชิ้น
8080950073,SIMS uter.sound grad.malleable,,อัน
8080950074,JOSEPH mucous hooklet 2 prongs,,อัน
8080950075,ที่ขูดเนื้อเยื่อโพรงมดลูก เบอร์ 00,,ชิ้น
8080950076,KRISTELLER specul.shallow + retr,,อัน
8080950077,"เครื่องมือผ่าตัดผ่านกล้องระบบทางเดินปัสสาวะ HOPKINS Telescope 30 องศา, 4 mm, 30cm",,ชิ้น
8080950078,"Cystoscope Sheath,17 Fr., Set",,ชิ้น
8080950079,"Cystoscope Sheath,19 Fr., Set",,ชิ้น
8080950080,"Cystoscope Sheath,22 Fr., Set",,ชิ้น
8080950081,"Foreign Body Forceps, 7 Fr.",,ชิ้น
8080950082,"Biopsy Forceps, 7 Fr., 40 cm",,ชิ้น
8080950083,Telescope Bridge,,ชิ้น
8080950084,RECA. curett.malle.blunt 6mm/0,,อัน
8080950085,RECA. curett.malle.blunt 7mm/1,,อัน
8080950086,RECA. curett.malle.blunt 8mm/2,,อัน
8080950087,RECA. curett.malle.blunt 9mm/3,,อัน
8080950088,RECA. curett.malle.blunt 11mm/4,,อัน
8080950089,RECA. curett.malle.blunt 12mm/5,,อัน
8080950090,LIGATURE DIRECTOR #LDG2,,ชิ้น
8080950091,*(ยกเลิก)*ENDO SUCCESS APICAL SURGERY KIT,,ชุด
8080950092,WIDE COBRA,,ชิ้น
8080950093,เครื่องถ่างขยายช่องท้องแบบยึดอยู่กับที่,,ชุด
8080950094,ชุดเครื่องจี้ห้ามเลือดและตัดเนื้อเยื่อด้วยไฟฟ้าพร้อมระบบเชื่อมปิดหลอดเลือด,,เครื่อง
8080950095,Universal Jacob's key,,อัน
8080950096,เครื่องมือผ่าตัดหู Tympanoplasty set,,ชุด
8080950097,เครื่องมือพื้นฐานการผ่าตัดผ่านกล้องศัลยกรรม,,ชุด
8080950098,เครื่องมือพื้นฐานการผ่าตัดผ่านกล้องส่องข้อขนาดเล็ก (endo CTS),,ชุด
8080950099,เครื่องมือพื้นฐานการผ่าตัดผ่านกล้องส่องข้อขนาดใหญ่ (ortho),,ชุด
8080950100,เครื่องมือพื้นฐานประกอบการผ่าตัดกระดูก,,ชุด
8080950101,เครื่องมือพื้นฐานประกอบการผ่าตัดขนาดเล็ก (minor set),,ชุด
8080950102,เครื่องมือพื้นฐานประกอบการผ่าตัดขนาดใหญ่ (major set),,ชุด
8080950103,เครื่องมือพื้นฐานประกอบการผ่าตัดคลอด (C/S set),,ชุด
8080950104,เครื่องมือพื้นฐาน plastic set,,ชุด
8080950105,เครื่องมือสำหรับผ่าตัดผ่านกล้อง,,ชุด
8080950106,เครื่องมือสำหรับยึดตรึงมือหรือข้อมือในการทำผ่าตัด (wrist tower),,ชุด
8080950107,ชุดเครื่องจี้และชุดเครื่องมือผ่าตัดต่อมลูกหมากแบบไบโพล่าร์,,ชุด
8080950108,ชุดเครื่องมือผ่าตัดกระดูกขนาดเล็ก,,ชุด
8080950109,ชุดเครื่องมือผ่าตัดกระดูกขนาดใหญ่,,ชุด
8080950110,ชุดเครื่องมือผ่าตัดไซนัสผ่านกล้อง,,ชุด
8080950111,ชุดเครื่องมือผ่าตัดถ่างกระดูกสันหลังแบบทูบูลาร์,,ชุด
8080950112,ชุดเครื่องมือผ่าตัดเนื้อเยี่อในโพรงจมูก และไซนัสด้วยระบบตัด ปั่น ดูด (Microdebrider),,ชุด
8080950113,ชุดเครื่องมือผ่าตัดปอดผ่านกล้อง,,ชุด
8080950114,ชุดเครื่องมือผ่าตัดพื้นฐานกระดูกและข้อ,,ชุด
8080950115,ชุดเครื่องมือผ่าตัดใส่ลวดมัดกระดูก,,ชุด
8080950116,ชุดผ่าตัดกระดูกและข้อพร้อมอุปกรณ์ส่วนรองรับสะโพกและบาร์สามารถเอ็กเรย์ผ่านได้,,ชุด
8080950117,อุปกรณ์สำหรับขบนิ่ว,,ชุด
8080950118,Basic Sorine(Neuro spine set+Micro neuro set),,ชุด
8080950119,Basic thoracotomy set,,ชุด
8080950120,Breast Augmentation set,,ชุด
8080950121,Extra set,,ชุด
8080950122,Neuro Set,,ชุด
8080950123,Ortho Set,,ชุด
8080950124,Rhinoplaty Set,,ชุด
8080950125,Tempenoplasty set,,ชุด
8080950126,Tonsillectomy Set,,ชุด
8080960001,เครื่องกระตุกหัวใจด้วยไฟฟ้าแบบกึ่งอัตโนมัติชนิดพิเศษแบบมีการแสดงคุณภาพการกดหน้าอกบนหน้าจอภาพ,,เครื่อง
8080960002,เครื่องกระตุกหัวใจไฟฟ้า ชนิดกึ่งอัตโนมัติ (AED),,เครื่อง
8080960003,เครื่องช่วยนวดหัวใจและฟื้นคืนชีพผู้ป่วยอัตโนมัติ,,เครื่อง
8080960004,เครื่องกระตุกหัวใจ,,เครื่อง
8080960005,เครื่องพยุงการทำงานของหัวใจแบบหน้าจอสัมผัส,,เครื่อง
8080960006,เครื่องช่วยการเต้นของหัวใจภายนอกแบบชั่วคราว ชนิดกระตุ้นหัวใจห้องเดียว,,เครื่อง
8080970001,ชุดอุปกรณ์ติดตามการทำงานของระบบกล้ามเนื้อด้วยกระแสไฟฟ้า,,เครื่อง
8080980001,ชุดบีบให้เลือดและสารละลาย 3000 ml,,ชุด
8080990001,ชุดช่วยหายใจมือบีบสำหรับผู้ใหญ่,,ชุด
8080990002,ชุดช่วยหายใจชนิดมือบีบสำหรับเด็กเล็ก 0.5 L,,ชุด
8080990003,ชุดช่วยหายใจชนิดมือบีบสำหรับเด็กโต 1.0 L.,,ชุด
8080990004,ชุดช่วยหายใจชนิดมือบีบสำหรับผู้ใหญ่,,ชุด
8080990005,ชุดช่วยหายใจชนิดมือบีบ สำหรับเด็กเล็ก,,ชุด
8080990006,ชุดช่วยหายใจชนิดมือบีบ สำหรับเด็กทารก,,ชุด
8080990007,ชุดช่วยหายใจมือบีบ (Ambu bag) ผู้ใหญ่,,ชุด
8080990008,ชุดช่วยหายใจมือบีบ (Ambu bag) สำหรับเด็ก,,ชุด
8080990009,ชุดบีบช่วยหายใจครบชุด สำหรับเด็กโต,,ชุด
8080990010,ชุดบีบช่วยหายใจครบชุด สำหรับเด็กเล็ก,,ชุด
8080990011,ชุดบีบช่วยหายใจครบชุด สำหรับผู้ใหญ่,,ชุด
8080990012,ชุดบีบช่วยหายใจชนิดซิลิโคน (เด็ก),,ชุด
8080990013,ชุดบีบช่วยหายใจชนิดซิลิโคน (ผู้ใหญ่),,ชุด
8081000001,ถังออกซิเจนขนาดไม่น้อยกว่า 0.5 ลูกบาศก์เมตร,,ถัง
8081010001,เครื่องล้างอัลตร้าโซนิค ขนาด 30 ลิตร,,เครื่อง
8081010002,เครื่องล้างหม้อนอน,,เครื่อง
8081010003,ตู้ล้างหม้อนอน,,ตู้
8081010004,อุปกรณ์พื้นฐานห้องล้างกล้องส่องตรวจพร้อมเครื่องล้างอุปกรณ์ส่องกล้องด้วยคลื่นอัลตร้าโซนิค,,ชุด
8081020001,เครื่องฉายแสง,,เครื่อง
8081030001,ชุดกล้องช่วยใส่ท่อช่วยหายใจชนิดโค้งงอได้,,ชุด
8081050001,ท่อบรรจุก๊าซคาร์บอนไดออกไซด์ ขนาดบรรจุ 20 กิโลกรัม,,ท่อ
8081050002,ท่อบรรจุก๊าซไนตรัสออกไซด์ ขนาดบรรจุ 20 กิโลกรัม,,ท่อ
8081050003,ท่อบรรจุก๊าซไนโตรเจน ขนาดบรรจุ 20 กิโลกรัม,,ท่อ
8081050004,ท่อบรรจุก๊าซออกซิเจน ขนาดบรรจุไม่ต่ำกว่า 6 ลบ.ม.,,ท่อ
8081050005,ท่อบรรจุก๊าซอาร์กอน ขนาดบรรจุ 1.5 ลบ.ม.,,ท่อ
8081050006,ท่อบรรจุก๊าซคาร์บอนไดออกไซด์ ขนาด 6 กิโลกรัม,,ท่อ
8081060001,ปากคีบแบบมีเขี้ยว ขนาด 0.12 มม.,,อัน
8081060002,ปากคีบสำหรับจับเข็มปลายโค้งและล็อกได้ ขนาด 10*1.0 มม.,,อัน
8081060003,ปากคีบสำหรับจับเข็มปลายโค้งและล็อกได้ ขนาด 9*0.75 มม.,,อัน
8081060004,กรรไกรปลายโค้งแบบ westcott,,อัน
8081060005,"คีมหนีบเนื้อเยื่อชนิดมีเขี้ยว PARAMETRIUM FCPS HEANEY, CVD.,2T. 21 CM,8,25""",,ชิ้น
8081060006,"Reduction Forceps, large, with Points, speed lock, length 200 mm",,ชิ้น
8081060007,"Bone Holding Forceps, self-centering, speed lock, length 260 mm",,ชิ้น
8081060008,"Reduction Forceps, toothed, speed lock, L.240 mm",,ชิ้น
8081060009,"Bon Holding Forceps, self-centering, speed lock, length 240 mm",,ชิ้น
8081060010,คีมหนีบเนื้อเยื่อบริเวณมดลูกชนิดตรง,,ชิ้น
8081060011,คีมหนีบเนื้อเยื่อบริเวณมดลูกชนิดโค้ง,,ชิ้น
8081060012,lntroducer Forceps 23 G,,ชิ้น
8081060013,"คีมหนีบเส้นเลือด HEMOST.FCPS NISSEN,CVD. 18,5 CM,7,25",,ชิ้น
8081060014,MAYO ROBSON intestinal forceps 21 cm.,,อัน
8081060015,MAYO ROBSON intestinal forceps 21 cm. ปลายโค้ง,,อัน
8081060016,MAYO Russian forceps 23 cm.,,อัน
8081060017,"คีมจับสำลีและผ้าก๊อส ชนิดโค้ง SPONGE HOLD. FCPS FORSTER,CVD.,SERR. 25 CM,10",,ชิ้น
8081060018,"คีมหนีบจับเส้นเลือด HEMOST.FCPS ROCHE STER-PEAN,CVD 20 CM, 8''",,ชิ้น
8081060019,DEBAKEY Atrau fcps. 2.0 mm. 24.5 cm.,,อัน
8081060020,"คีมหนีบจับผนังมดลูก SCHRODER TENACULUM FCPS.,25 CM",,ชิ้น
8081060021,ALLIS tissuer forceps 19 cm. 5x6 teeth,,อัน
8081060022,BOZEMANN swab forceps S-shaped 26 cm.,,อัน
8081060023,"*(ยกเลิก)*forceps tissue 1x2 t. 16,0 cm",,อัน
8081060024,FOERSTER swab forceps serrated,,อัน
8081060025,BRAUN tenaculum forceps 25 cm,,อัน
8081060026,IX958 Flush Cut Distal End Cutter,,ชิ้น
8081060027,IX863 Smaha (Straight),,อัน
8081060028,"คีมจับเนื้อเยื่อชนิดมีเขี้ยว ALLIS FORCEPS,5X6 TEETH, 23 CM",,ชิ้น
8081060029,Castroviejo,,อัน
8081060030,STRAIGHT CASTROVIEJO NEEDLE HOLDER,,ชิ้น
8081060031,Root Splinter Forceps (Lower) (ชิ้น),,ชิ้น
8081060032,Root Splinter Forceps (Upper) (ชิ้น),,ชิ้น
8081060033,TWEED ARCH BENDIND PLIER (ชิ้น),,ชิ้น
8081060034,Three Jaw Bending Plier Slim (ชิ้น),,ชิ้น
8081060035,Bracket removing pliers,,อัน
8081060036,V-Stop Plier,,ชิ้น
8081060037,Rubber dam punch ที่เจาะsheet,,อัน
8081060038,Jarabak Plier,,ตัว
8081060039,BONE HOLDING FORCEPS JVS LIGHT 19 CM,,ชิ้น
8081060040,Convertible Cap Removing Plier,,ชิ้น
8081060041,Steiglitz Root Forceps-45,,ชิ้น
8081060042,Steiglitz Root Forceps-90,,ชิ้น
8081060043,Wire cutting,,ตัว
8081060044,CORONOID RETR HARGIS W CHAIN 19 CM,,ชิ้น
8081060045,Rongeurs (R1A),,ชิ้น
8081060046,กรรไกรตัดเฝือก,,ชิ้น
8081060047,คีมทำคลอดศีรษะทารกชนิด PIPER,,ชิ้น
8081060048,คีมทำคลอดศีรษะทารก ชนิด SIMPSON,,ชิ้น
8081060049,กรรไกร supercut,,ชุด
8081060050,ข้อต่อสำหรับกล้องขนาด 4 มม.,,ชุด
8081060051,ชุดเครื่องมือยึดเนื้อเยื่อ,,ชุด
8081060052,อุปกรณ์เกาะยึด,,งาน
8081060053,อุปกรณ์ตัวแขวน,,ชุด
8081060054,"Moody Fixation Forceps, w/l on left.",,ชิ้น
8081060055,"Moody Fixation Forceps, w/l on right.",,ชิ้น
8081060056,"Lens Implantation Forceps, 115mm length",,ชิ้น
8081060057,Castroviejo Calipers Straight,,ชิ้น
8081060058,เครื่องมือผ่าตัดตา Bishop-harmon Dressing Forceps,,ชิ้น
8081060059,REMOVAL PLIER KY T/SET,,ชิ้น
8081060060,"คีมตัดชิ้นเนื้อในโพรงจมูก ชนิดปากเงยบน  (ฺBlakesley Forceps, Upward)",,ชิ้น
8081060061,"คีมตัดชิ้นเนื้อในโพรงจมูก ชนิดปากตรง Cutting ปากเงยบน  (ฺTakashi  Forceps, Up-ward)",,ชิ้น
8081060062,"คีมตัดชิ้นเนื้อในโพรงจมูก ชนิดปากตรง Cutting ตรง  (ฺTakashi Forceps, Straight)",,ชิ้น
8081060063,คีมตัดชิ้นเนื้อขนาดเล็ก (Cup Biopsy Forceps Size:M),,ชิ้น
8081060064,Alligator Ear Forceps ขนาดปากสั้น 6 mm,,ชิ้น
8081060065,Alligator Ear Forceps ขนาดปากสั้น 8 mm,,ชิ้น
8081060066,"คีมตัดชิ้นเนื้อในโพรงจมูก ชนิดปากตรง (Blakesley Forceps, Straight",,ชิ้น
8081070001,เครื่องศัลยกรรมกระดูกระบบ Piezo,,เครื่อง
8081070002,อุปกรณ์ถ่างเฝือก,,ชิ้น
8081080001,ชุดป้องกันรังสีสำหรับเด็ก,,ชุด
8081080002,ชุดป้องกันรังสีสำหรับผู้ใหญ่,,ชุด
8081080003,แว่นตาป้องกันรังสี,,อัน
8081090001,เสาน้ำเกลือ,,ชุด
8081090002,เสาแขวนน้ำเกลือ,,ต้น
8081090003,เสาน้ำเกลือสำหรับแขวนขา,,ชุด
8081090004,เสาน้ำเกลือ 5 แฉก 2 ตะขอ,,ต้น
8081100001,กรรไกรไมโครปลายแหลมโค้ง ด้ามไทเทเนียม ขนาดก้าน 25 G,,อัน
8081100002,กรรไกรตัดจอตา ตัดแนวตั้งมุม 45 องศา ขนาด 25G,,อัน
8081100003,กล่องใส่เครื่องมือ น้ำหนักเบา พร้อมแผ่นซิลิโคนหนามเตยรอง 180x50x18.5 mm,,อัน
8081100004,ด้ามสำหรับจี้ห้ามเลือด ชนิดใช้แบตเตอรี่,,อัน
8081100005,"Castroviejo Caliper, 20.0mm, straight",,ชิ้น
8081100006,"Maloney Intra-Operative Keratometer, titanium",,ชิ้น
8081100007,"Kerrison Bone Nibbling Rongeur, size #0, 3.0mm",,ชิ้น
8081100008,"Bowman Lacrimal Probe, size 0000 & 000",,ชิ้น
8081100009,"Wilder Lacrimal Dilator, size #1, fine tapper",,ชิ้น
8081100010,"Wilder Lacrimal Dilator, size #2, medium tapper",,ชิ้น
8081100011,"Wilder Lacrimal Dilator, size #3, heavy tapper",,ชิ้น
8081100012,"Heslin Anterior Chamber Maintaining Cannula, 23G",,ชิ้น
8081100013,"Flieringa Scleral Fixation Ring, set of 8 sizes, Ø 15.0mm - 22.0mm",,ชุด
8081100014,"Radial Marker, 16 blades",,ชิ้น
8081100015,Paton Spatula & spoon,,ชิ้น
8081100016,"Bowman Lacrimal Probe, size 00 & 0",,ชิ้น
8081100017,เครื่องจี้ตาด้วยความเย็น,,ชุด
8081100018,กล่องใส่เครื่องมือผ่าตัด,,กล่อง
8081100020,เครื่องมือเตรียมผ่าตัดตา Prep set,,ชุด
8081100021,เครื่องมือผ่าตัดกล้ามเนื้อตา Muscle set,,ชุด
8081100022,เครื่องผ่าตัดสลายต้อกระจกและผ่าตัดน้ำวุ้นลูกตาส่วนหลัง พร้อมเลเซอร์รักษาโรคจอประสาทตาด้วยคลื่นแสง 532 นาโนเมตร,,ชุด
8081100023,เครื่องมือผ่าตัดต้อเนื้อ Pterygium set,,ชุด
8081100024,เครื่องมือผ่าตัดต้อหิน Trabeculectomy set,,ชุด
8081100025,เครื่องมือผ่าตัดหนังตา Lid set,,ชุด
8081100026,เครื่องรักษาโรคจอตาด้วยลำแสงเลเซอร์ชนิด Pattern scan,,เครื่อง
8081100027,เครื่องรักษาโรคตาด้วยแสงเลเซอร์ชนิดสองระบบแบบ SLT และ Nd:YAG Laser,,เครื่อง
8081100028,ชุด lens สำหรับผ่าตัดจอตา,,ชุด
8081100029,Oculoplastic set,,ชุด
8081110001,ตู้คาบิเนท สำหรับห้องทันตกรรม,,ชุด
8081110002,โต๊ะคร่อมเตียงผู้ป่วย,,ตัว
8081110003,โต๊ะเมโยแบบ 2 ล้อ พร้อมถาด,,ตัว
8081110004,ม้าต่อขาผ่าตัด ขนาด 30x50x10 ซม.,,ตัว
8081110005,ม้าต่อขาผ่าตัด ขนาด 30x50x15 ซม.,,ตัว
8081110006,โต๊ะวางเครื่องมือผ่าตัด ขนาด 24x40x33 นิ้ว,,ตัว
8081110007,โต๊ะวาง Gown ขนาด 20x20x33 นิ้ว,,ตัว
8081110008,โต๊ะกลางวางของผู้ป่วย,,ตัว
8081110009,โต๊ะเมโยแบบ 4 ล้อ พร้อมถาด,,ตัว
8081110010,กล่องบรรจุเครื่องมือทางการแพทย์,,ชุด
8081110011,กล่องบรรจุเครื่องมือทางการแพทย์จักษุ,,ชุด
8081110012,เก้าอี้เจ้าหน้าที่เจาะเลือด,,ชุด
8081110013,เก้าอี้สแตนเลส ล้อเลื่อน กลมหมุนปรับสูงต่ำได้,,ตัว
8081110014,เก้าอี้สำหรับผ่าตัดศัลยกรรม hand,,ชุด
8081110015,เก้าอี้อาบน้ำ และนั่งถ่าย,,คัน
8081110016,ครุภัณฑ์พื้นฐานประจำห้องผ่าตัด,,ชุด
8081110017,โครงวางอ่างคู่สแตนเลส พร้อมอ่าง,,ชุด
8081110018,ชุดอุปกรณ์พื้นฐานประจำห้อง,,ชุด
8081110019,ตู้เก็บกล้องส่องตรวจแบบถาด(16ถาด)พร้อมระบบเป่าแห้งและชุดควบคุมความชื้น,,ชุด
8081110020,ตู้ข้างเตียง,,ตู้
8081110021,ตู้ไฟ VA ตัวเลข ระยะ 6 เมตร,,ตู้
8081110022,โต๊ะเจาะเลือด,,ชุด
8081110023,โต๊ะวางเครื่องมือผ่าตัดแบบเมโย,,ตัว
8081110024,ที่สำหรับล้างแผล แบบตะแกรง,,ชุด
8081110025,บันได,,ชุด
8081110026,บันไดก้าวขึ้นเตียง 2 ขั้น,,ตัว
8081110027,เสาแขวนน้ำเกลือแบบ 2 ขอ,,ต้น
8081110028,เสาน้ำเกลือชนิดขา 4 แฉก,,ต้น
8081110029,Contianer set,,ชุด
8081110030,โต๊ะวางเครื่องมือผ่าตัด 2 ชั้น 53*92*80 ซม.,,คัน
8081110031,โต๊ะเมโยแบบ 4 ล้อ พร้อมถาด MA04,,ตัว
8081110032,โต๊ะคร่อมเตียงผู้ป่วย 507ข,,คัน
8081120001,รถเข็นแบบ 2 ชั้น มีลิ้นชัก,,คัน
8081120003,รถเข็นถังออกซิเจน ขนาด 1.5 คิว,,คัน
8081120004,ถัง TUR บรรจุ 8 ลิตร,,ชิ้น
8081120005,โต๊ะวางของ SS400 ทำสีฝุ่น 600x400x300 มีล้อ 2',,คัน
8081120006,*(ยกเลิก)*รถเข็นฉีดยา,,คัน
8081120007,รถเข็นฉุกเฉินกู้ชีพ,,คัน
8081120008,รถเข็นฉุกเฉินขนาดใหญ่,,คัน
8081120009,*(ยกเลิก)*รถเข็นดมยา,,คัน
8081120010,รถเข็นแต่งแผล,,คัน
8081120011,รถเข็นวางเฝือก ขนาด 50x90x85 cm,,คัน
8081120012,โครงผ้าเปื้อน,,ชุด
8081120013,งานโภชนาการ (รถขนถาดอาหารชนิดควบคุมอุณหภูมิ ขนาด24 ถาด),,ชุด
8081120014,รถเข็นของ 2 ชั้น มีขอบ ขนาดใหญ่,,คัน
8081120015,รถเข็นของใช้สำหรับผู้ป่วยแบบตะแกรง 2 ชั้น,,คัน
8081120016,รถเข็นของบุตาข่าย,,คัน
8081120017,รถเข็นฉีดยา,,คัน
8081120018,รถเข็นฉุกเฉิน,,คัน
8081120019,รถเข็นดมยา,,คัน
8081120020,รถเข็นทำแผล,,คัน
8081120021,รถเข็นแม่บ้านสแตนเลสพร้อมถุงผ้าโคนิลอนสีน้ำเงิน2ใบ,,ชุด
8081120022,รถยาสำหรับวางยาสลบ,,คัน
8081120023,รถเข็นฉุกเฉิน ABS รุ่น SKR054-ET77A,,คัน
8081120024,รถเข็นทำแผล 45*73.5*80 ซม.,,คัน
8081120025,รถเข็นทำการพยาบาล SK-CT75077C2,,คัน
8081130001,โครงใส่ผ้าเปื้อน,,คัน
8081130002,ขาตั้งอ่างเดี่ยว พร้อมอ่าง,,คัน
8081130003,ถังขยะสแตนเลส มีล้อเลื่อน,,คัน
8081130004,ที่วางอ่างเดี่ยว,,ตัว
8081130005,"ถังขยะเปิดด้วยเท้าใส่ลูกล้อ 2"" มีกันชน 586ข",,ใบ
8081140001,ลู่วิ่งไฟฟ้าแบบมีราวจับ 2 ระดับ,,เครื่อง
8081140002,เครื่องกระตุ้นเส้นประสาทและกล้ามเนื้อด้วยคลื่นแม่เหล็ก,,เครื่อง
8081140003,เครื่องกำเนิดความร้อนด้วยคลื่นสั้น (Shortwavediathermy machine),,เครื่อง
8081140004,เครื่องช่วยการเคลื่อนไหวของข้อไหล่แบบต่อเนื่องโดยใช้ไฟฟ้า,,เครื่อง
8081140005,เครื่องแช่แผ่นเก็บความร้อน (Hydrocollator unit),,เครื่อง
8081140006,เครื่องผลิตคลื่นเหนือเสียงเพื่อรักษา (Ultrasonic therapymachine),,เครื่อง
8081140007,เครื่องมือรักษาด้วยการช่วยการเคลื่อนไหวทั้งมือและเท้า,,เครื่อง
8081140008,เครื่องวัดองค์ประกอบร่างกาย,,เครื่อง
8081140009,เครื่องให้การรักษาด้วยกระแสไฟฟ้าร่วมกับคลื่นอัลตร้าซาวด์พร้อมชุดสูญญากาศ,,เครื่อง
8081140010,เครื่อง Shock wave,,เครื่อง
8081140011,เตียงปรับระดับด้วยไฟฟ้าได้พร้อมเครื่องดึงกระดูกสันหลังไฟฟ้า (Electrictraction machine),,เครื่อง
8081140012,เตียงฝึกยืนและทำ Mobilization ปรับสูงต่ำได้ด้วยไฟฟ้า,,เตียง
8081140013,เตียงสำหรับดัดดึงข้อต่อและกระดูกสันหลังปรับระดับด้วยระบบไฟฟ้า,,เตียง
8081140014,เตียง Bobath,,เตียง
8081140015,ถังแช่พาราฟิน (Paraffin wax bath unit),,เครื่อง
8081140016,pararell bar,,อัน
8081150001,Scrub Sink Stainless,,ชุด
8081160004,VACUUM PLANT (V),,ชุด
8081170001,*(ยกเลิก)*เครื่องวัดความอิ่มตัวของออกซิเจนในเลือด ชนิดพกพา,,เครื่อง
8081170002,เครื่องวัดชีพจรและความอิ่มตัวของออกซิเจนในเลือดผู้ป่วย พร้อมการวัดคาร์บอนไดออกไซด์จากลมหายใจ ETCO2,,เครื่อง
8081170003,เครื่องวัดความอิ่มตัวของออกซิเจนในเลือดชนิดพกพา,,เครื่อง
8081180001,เครื่องนับเม็ดยาอัตโนมัติ,,เครื่อง
8081190001,เครื่องตรวจวัดปริมาณน้ำในกระเพาะปัสสาวะ,,ชุด
8081190002,เครื่องตรวจอวัยวะภายในด้วยคลื่นเสียงความถี่สูงชนิดความคมชัดสูง,,เครื่อง
8081190003,เครื่องตรวจอวัยวะภายในด้วยคลื่นเสียงความถี่สูงระบบดิจิทัล,,เครื่อง
8081190004,เครื่องตรวจอวัยวะภายในด้วยคลื่นเสียงความถี่สูงUltrasound,,เครื่อง
8081190005,เครื่องตรวจอวัยวะภายในเด้วยคลื่นเสียงความถี่สูง,,เครื่อง
8081190006,เครื่องสแกนเส้นเลือด,,เครื่อง
8081190007,เครื่องอัลตร้าซาวด์หัวใจหรือตรวจหัวใจด้วยคลื่นเสียงสะท้อน (echocardiography machine),,เครื่อง
8081200001,เครื่องฟอกเลือด (Hemodialysis machine),,เครื่อง
8081200002,ระบบผลิตน้ำRO,,ระบบ
8081210001,เครื่องฉายแสงอาทิตย์เทียมชนิดเฉพาะที่,,เครื่อง
8081210002,เครื่องฉายแสงอาทิตย์เทียมชนิดทั้งตัว,,เครื่อง
8081210003,เครื่องผลิตแสงเลเซอร์กำลังสูง (Laser unit),,เครื่อง
8081210004,เครื่องเลเซอร์กำจัดขนรักษาความผิดปกติของเส้นเลือดและเม็ดสี,,เครื่อง
8081210005,เครื่องเลเซอร์แฟรคชั่นนัลคาร์บอนไดออกไซด์,,เครื่อง
8081210006,เครื่องเลเซอร์รักษาโรคความผิดปกติของเม็ดสีและลบรอยสัก,,เครื่อง
8081220001,รถขับเคลื่อนด้วยระบบไฟฟ้ารุ่นนั่งขับพร้อมตู้เก็บกล่องอุปกรณ์เครื่องมือแพทย์,,คัน
8081230001,กระบอกฉีดไนโตรเจนเหลวพร้อมอุปกรณ์ใช้งาน,,ชุด
8081230002,เครื่องจ่ายกระแสไฟฟ้าสำรอง (UPS 3KVA),,ชุด
8081230003,งานระบบ,,ชุด
8081230004,ชั้นวางน้ำยา,,ชุด
8081230005,เซ็นเซอร์ตรวจจับหลอดที่ปลายทาง,,ชุด
8081230006,ตู้ควบคุมกระแสไฟฟ้า,,ชุด
8081230007,ท่อลำเลียงลม ชนิดกัลวาไนซ์ ขนาด 25 mm,,
8081230008,ท่อส่งหลอดเลือดแบบ HDPE ขนาด 25mm,,
8081230009,ที่แขวนหม้อนอนและกระบอกปัสสาวะ,,ชุด
8081230010,ระบบดูดกลิ่นแช่น้ำยาฆ่าเชื้อ,,ระบบ
8081230011,ระบบท่อลมขนส่งเอกสารและสิ่งส่งตรวจ แบบ Network,,ชุด
8081230012,ระบบท่อลมขนส่งเอกสารและสิ่งส่งตรวจ แบบ Point-to-point,,ระบบ
8081230013,ระบบผลิตอากาศทางการแพทย์ (AirCompressor),,ระบบ
8081230014,อุปกรณ์แจ้งเตือน หลอดเลือดมาถึงปลายทาง,,ชุด
8081230015,อุปกรณ์ลดความเร็วหลอด,,ชุด
8081230016,Air Dryer,,ชุด
8081230017,Air Filter,,ชุด
8081230018,Air Tank 500L,,ชุด
8081230019,Scroll Oil Free Compressor 10HP,,ชุด
8081230020,Sending System Swift 902T,,ชุด
8081240001,เครื่องตรวจคลื่นไฟฟ้าหัวใจ ชนิด 16 ลีด,,เครื่อง
8081240002,เครื่องตรวจคลื่นไฟฟ้าหัวใจ พร้อมโปรแกรมวิเคราะห์ผลอัตโนมัติ,,เครื่อง
8081240003,เครื่องตรวจคลื่นหัวใจพร้อมโปรแกรมวิเคราะห์ผล 12 Lead,,เครื่อง
8081240004,เครื่องตรวจและบันทึกคลื่นไฟฟ้าหัวใจ 12 Lead,,เครื่อง
8081240005,เครื่องตรวจและบันทึกคลื่นไฟฟ้าหัวใจพร้อมแปรผลแบบ 12 ลีด,,เครื่อง
8081240006,เครื่องตรวจสมรรถภาพหลอดเลือดแดงส่วนปลาย,,เครื่อง
8081240007,เครื่องทดสอบสมรรถภาพหัวใจด้วยการเดินสายพาน (exercise treadmill stress test),,เครื่อง
8081240008,ชุดตรวจบันทึกและวิเคราะห์คลื่นไฟฟ้าหัวใจชนิดพกพาแบบติดตามได้ 7 วัน (Holter),,ชุด
8081250001,เครื่องตรวจการได้ยินระดับก้านสมอง,,เครื่อง
8081250002,เครื่องตรวจคัดกรองการได้ยินในเด็กแรกเกิด,,เครื่อง
8081250003,เครื่องตรวจวัดสมรรถภาพการทำงานของหูชั้นกลาง,,เครื่อง
8081250004,เครื่องตรวจวินิจฉัยการได้ยิน,,เครื่อง
8081250005,ชุดตรวจหู ตา,,ชุด
8081250006,ชุดโต๊ะตรวจ หู คอ จมูก,,ชุด
8081250007,ตู้ตรวจการได้ยิน,,ตู้
8081260001,เครื่องจ่ายลมไหลเวียนผ่านผ้าห่มเพื่อให้ความอบอุ่น,,เครื่อง
8081260002,เครื่องบันทึกการเต้นของหัวใจทารกในครรภ์ (NST),,เครื่อง
8081260003,เครื่องปรับอุณหภูมิร่างกายผู้ป่วยชนิดลมร้อน,,เครื่อง
8081260004,เครื่องผนึกซองเครื่องมือ,,เครื่อง
8081260005,เครื่องผลิตน้ำบริสุทธิ์แบบเคลื่อนที่ (Portable Reverse Osmosis),,เครื่อง
8081260006,เครื่องวัดความถ่วงจำเพาะปัสสาวะ,,เครื่อง
8081260007,เครื่องวัดความถ่วงจำเพาะปัสสาวะชนิดหักเหแสง,,เครื่อง
8081260008,เครื่องให้ความอบอุ่นทารกชนิดควบคุมอุณหภูมอัตโนมัติจากผิวหนังเด็กทารกแรกเกิด,,ชุด
8081260009,เครื่องอุ่นเลือดและพลาสมา,,เครื่อง
8081260010,เครื่องอุ่นสารละลายทางน้ำเกลือ,,เครื่อง
8081260011,หม้อต้มน้ำร้อนอัตโนมัติขนาด 15 ลิตรพร้อมเครื่องกรองน้ำ,,เครื่อง
8081270001,ชุดท่อโค้ง 1 ระดับ (SINGLE CURVED),,ชุด
8081270002,ชุดท่อโค้ง 2 ระดับ (DOUBLE CURVED ARC),,ชุด
8081270003,ชุดสเก็ตบอร์ดบริหารมือแบบแยกนิ้วและที่ประคองนิ้วมือแยกส่วน Forearm-Based Skateboard,,ชุด
8081270004,โต๊ะสเกตบอร์ดไฟฟ้า,,ชุด
8081270005,กระดานปักหมุด 100 รู พร้อมแบบฝึก,,ชุด
8081270006,Wire Finger Tap ชุดตาข่ายดึงนิ้วมือ,,ชุด
8090040001,ตู้แช่แข็งสแตนเลส 2 ประตู (บน-ล่าง) SANDEEN รุ่น SRF3-0687Ai,,ตู้
8090040002,ตู้แช่เย็น 1 ประตู ความจุ 120 ลิตร,,ตู้
8090040003,ตู้เย็น 2 ประตู ขนาดความจุ 310 ลิตร,,เครื่อง
8090040004,ตู้เย็น 1 ประตู ขนาด 5.2 คิว,,เครื่อง
8090050001,เครื่องซักผ้า ขนาดความจุ 13 กิโลกรัม,,เครื่อง
8090050002,เครื่องอบผ้า ขนาดความจุ 9 กิโลกรัม,,เครื่อง
8090110001,เตียงนอนแบบพับได้ ขนาด 3 ฟุต,,เตียง
8090110002,PB-1 เตียง ONCALL,,ชุด
8090110003,เตียงเหล็ก 2 ชั้น ขนาด 3.5 ฟุต,,เตียง
8090110004,ที่นอนสปริง ขนา 3.5 ฟุต หนา 9 นิ้ว,,หลัง
8090120001,ผ้าม่านทึบแสง ขนาด กว้าง 405 ซม. สูง 262 ซม.,,ชุด
8090120002,ผ้าม่านทึบแสง ขนาด กว้าง 408 ซม. สูง 285 ซม.,,ชุด
8090130001,เครื่องต้มน้ำไฟฟ้าขนาด 14 ลิตรขึ้นไป,,เครื่อง
8090130002,ถังต้มน้ำร้อนไฟฟ้า ขนาดไม่น้อยกว่า 15 ลิตร,,ถัง
8090130003,กระติกน้ำร้อน DIGITAL ขนาด 3 ลิตร,,เครื่อง
8090130004,กระติกน้ำร้อน ขนาด 4 ลิตร,,เครื่อง
8090130005,กาต้มน้ำร้อนไฟฟ้า ความจุ 1.7 ลิตร,,เครื่อง
8090140001,เตาอบไมโครเวฟ ความจุ 23 ลิตร,,เครื่อง
8090150001,เครื่องเป่ามืออัตโนมัติ MARVEL MH-110,,ชุด
8100010003,ระบบสูบน้ำมากับอาคาร,,เครื่อง
8100560002,"HOT WATER STORAGE TANK 6,000 L.",,ชุด
8100570001,CT- 1,,ชุด
8110050001,ชุดดัมเบล Studio 1-10 KG 10 คู่ รวม 110 KG พร้อมชั้นวาง-IRONTEC,,ชุด
8110130001,ลู่วิ่ง Treadmill,,เครื่อง
8120020001,บันไดทรง A มีพื้นยืน มีมือจับ 3 ขั้น,,อัน
8150010001,LED Monitor 55'',,ชุด
8150010002,"COMPUTER CONTROL SET, SERVER MANAGEMENT, OPC SERVER AND SERVER RACK",,ชุด
8150020001,เครื่องพิมพ์บาร์โค้ด รุ่น TSC TE210,,เครื่อง
8150020002,เครื่องติดสติกเกอร์หลอดเลือดอัตโนมัติ,,ชุด
8150020003,เครื่องพิมพ์บาร์โค้ดสำรอง,,ชุด
8150020004,เครื่องพิมพ์เลเซอร์สี,,เครื่อง
8150040001,เครื่องแปลงสัญญาณ HDMI เป็น USB สำหรับประชุมทางไกล,,เครื่อง
8150050001,*ยกเลิก* ระบบประชุมทางไกล อาคารศูนย์การแพทย์,,ระบบ
8150090001,เครื่องสำรองกระแสไฟฟ้า (UPS),,เครื่อง
8150130001,"โปรแกรมคอมพิวเตอร์หรือซอฟต์แวร์ที่มีราคาหน่วยหนึ่งเกิน 20,000 บาท",,ระบบ
8150130007,"ค่าเชื่อมต่อเครือข่าย LIS, HIS",,งาน
8150130008,โปรแกรมระบบเรียกคิว,,ชุด
8150130009,ระบบการจองคิวผ่าน Application บนมือถือ,,ชุด
8150130010,เว็บไซต์ศูนย์การแพทย์ธรรมศาสตร์,,ระบบ
8150140001,หน้าจอสัมผัสขนาดไม่น้อยกว่า 9 นิ้วแบบไร้สายพร้อมซอฟแวร์ (IPAD),,เครื่อง
8150140003,เครื่องคอมพิวเตอร์แท็บเล็ตและอุปกรณ์เสริม,,เครื่อง
8150150001,คอมพิวเตอร์ตั้งโต๊ะ,,เครื่อง
8150150002,เครื่องคอมพิวเตอร์ระบบเรียกคิว,,ชุด
8150160005,COMPUTER RACK SECURITY RACK มากับอาคาร,,ชุด
8150170001,ชุดคอมพิวเตอร์แม่ข่าย,,ชุด
8150180001,ชุดคอมพิวเตอร์แม่ข่าย,,ชุด
8190010010,ปรับปรุงคลินิกผิวหนัง ศูนย์การแพทย์ธรรมศาสตร์ ชั้น 4,,งาน
8190010011,งานปรับปรุงคลินิกทันตกรรม ชั้น 4 อาคารศูนย์การแพทย์ธรรมศาสตร์ (งานเพิ่ม),,งาน
8190010012,จ้างต่อเติมผนังกระจกและอลูมิเนียมบริเวณทางเดินชั้น 6 อาคารศูนย์การแพทย์ธรรมศาสตร์,,งาน
8190010013,ปรับปรุงห้องคลอด,,งาน
8190010014,ปรับปรุงแผนกทารกแรกเกิดกึ่งวิกฤต,,งาน
8190010015,ปรับปรุงแผนก Nursery,,งาน
8190010016,ปรับปรุงห้องหัตถการ (Pipeline) 7A,,งาน
8190010017,ปรับปรุงพื้นที่คลังเวชภัณฑ์ ชั้น 5,,งาน
8190010018,ปรับปรุงห้องคัดแยกผ้าสกปรกและห้องเก็บผ้าสะอาด บริเวณชั้นใต้ดิน,,งาน
8190010019,"ปรับปรุงพื้นที่ชั้น 8,9 อาคารศูนย์การแพทย์ธรรมศาสตร์",,งาน
8190010020,ปรับปรุงระบบปรับอากาศและระบายอากาศ แผนกกุมารเวช,,งาน
8190010021,จ้างออกแบบปรับปรุงห้องคลอดชั้น 5 อาคารศูนย์การแพทย์ธรรมศาสตร์,,งาน
8190010022,ปรับปรุงระบบปรับอากาศและควบคุมความชื้นห้องเก็บ Sterile ชั้น 5 อาคารศูนย์การแพทย์ธรรมศาสตร์,,งาน
8190010023,ติดตั้งป้ายอาคารชั้นดาดฟ้า (ด้านทิศใต้) และป้าย ชั้น 6 (ทิศตะวันออก),,งาน
8190010024,ปรับปรุงหน่วยบริการ การดูแลและส่งต่อผู้ป่วยวิกฤตระยะสั้น (Short Stay Critical Care Unit),,งาน
8190010025,งานปรับปรุงห้องผู้ป่วยความดันลบ ห้อง 807 ชั้น 8,,งาน
8190010026,ปรับปรุงประตูห้องเก็บของ Sterile ชั้น 5 อาคารศูนย์การแพทย์ธรรมศาสตร์,,งาน
8190010027,ปรับปรุงบ่อน้ำชั้น 6 อาคารศูนย์การแพทย์ธรรมศาสตร์,,งาน
8190010028,"โครงการปรับปรุงพื้นที่ส่วนกลาง อาคารศูนย์กรแพทย์ธรรมศาสตร์ (ชั้น1,2,4,5)",,งาน
8190010029,ปรับปรุงพัดลมระบายอากาศ ห้องสื่อสาร อาคารศูนย์การแพทย์ธรรมศาสตร์,,งาน
8190020001,ก่อสร้างอาคารศูนย์การแพทย์ธรรมศาสตร์ (งบคลัง),,งาน
8190020002,ก่อสร้างอาคารศูนย์การแพทย์ธรรมศาสตร์ (งบ รพธ.),,งาน
8200010001,ครุภัณฑ์เร่งด่วนและทดแทน,,รายการ
